sci_name,source_file
Haliotis tuberculata,ABALONES_intersection2
ardenna gravis,BIRDS_intersection_IUCN
ardenna grisea,BIRDS_intersection_IUCN
rissa tridactyla,BIRDS_intersection_IUCN
hydrobates pelagicus,BIRDS_intersection_IUCN
larus ridibundus,BIRDS_intersection_IUCN
oceanites oceanicus,BIRDS_intersection_IUCN
stercorarius pomarinus,BIRDS_intersection_IUCN
morus bassanus,BIRDS_intersection_IUCN
pterodroma madeira,BIRDS_intersection_IUCN
puffinus lherminieri,BIRDS_intersection_IUCN
puffinus puffinus,BIRDS_intersection_IUCN
pterodroma cahow,BIRDS_intersection_IUCN
pterodroma deserta,BIRDS_intersection_IUCN
pterodroma feae,BIRDS_intersection_IUCN
uria aalge,BIRDS_intersection_IUCN
bulweria bulwerii,BIRDS_intersection_IUCN
calonectris borealis,BIRDS_intersection_IUCN
calonectris diomedea,BIRDS_intersection_IUCN
catharacta skua,BIRDS_intersection_IUCN
fratercula arctica,BIRDS_intersection_IUCN
xema sabini,BIRDS_intersection_IUCN
alca torda,BIRDS_intersection_IUCN
hydrobates jabejabe,BIRDS_intersection_IUCN
hydrobates castro,BIRDS_intersection_IUCN
hydrobates leucorhous,BIRDS_intersection_IUCN
calidris ferruginea,BIRDS_intersection_IUCN
arenaria interpres,BIRDS_intersection_IUCN
pluvialis squatarola,BIRDS_intersection_IUCN
calidris alpina,BIRDS_intersection_IUCN
calidris alba,BIRDS_intersection_IUCN
calidris canutus,BIRDS_intersection_IUCN
limosa lapponica,BIRDS_intersection_IUCN
larus marinus,BIRDS_intersection_IUCN
puffinus mauretanicus,BIRDS_intersection_IUCN
larus fuscus,BIRDS_intersection_IUCN
calidris falcinellus,BIRDS_intersection_IUCN
larus canus,BIRDS_intersection_IUCN
pinguinus impennis,BIRDS_intersection_IUCN
larus argentatus,BIRDS_intersection_IUCN
chlidonias niger,BIRDS_intersection_IUCN
larus michahellis,BIRDS_intersection_IUCN
hydrocoloeus minutus,BIRDS_intersection_IUCN
gavia immer,BIRDS_intersection_IUCN
aythya marila,BIRDS_intersection_IUCN
gavia stellata,BIRDS_intersection_IUCN
larus melanocephalus,BIRDS_intersection_IUCN
podiceps cristatus,BIRDS_intersection_IUCN
thalasseus sandvicensis,BIRDS_intersection_IUCN
gavia arctica,BIRDS_intersection_IUCN
gulosus aristotelis,BIRDS_intersection_IUCN
melanitta nigra,BIRDS_intersection_IUCN
alcedo atthis,BIRDS_intersection_IUCN
motacilla cinerea,BIRDS_intersection_IUCN
podiceps nigricollis,BIRDS_intersection_IUCN
somateria mollissima,BIRDS_intersection_IUCN
anthus pratensis,BIRDS_intersection_IUCN
buteo buteo,BIRDS_intersection_IUCN
circaetus gallicus,BIRDS_intersection_IUCN
circus aeruginosus,BIRDS_intersection_IUCN
circus cyaneus,BIRDS_intersection_IUCN
circus pygargus,BIRDS_intersection_IUCN
falco tinnunculus,BIRDS_intersection_IUCN
otus scops,BIRDS_intersection_IUCN
aythya ferina,BIRDS_intersection_IUCN
saxicola torquatus,BIRDS_intersection_IUCN
anas crecca,BIRDS_intersection_IUCN
upupa epops,BIRDS_intersection_IUCN
milvus migrans,BIRDS_intersection_IUCN
acrocephalus scirpaceus,BIRDS_intersection_IUCN
anas platyrhynchos,BIRDS_intersection_IUCN
ardea cinerea,BIRDS_intersection_IUCN
athene noctua,BIRDS_intersection_IUCN
charadrius hiaticula,BIRDS_intersection_IUCN
cuculus canorus,BIRDS_intersection_IUCN
emberiza schoeniclus,BIRDS_intersection_IUCN
falco peregrinus,BIRDS_intersection_IUCN
fringilla coelebs,BIRDS_intersection_IUCN
gallinago gallinago,BIRDS_intersection_IUCN
gallinula chloropus,BIRDS_intersection_IUCN
haematopus ostralegus,BIRDS_intersection_IUCN
himantopus himantopus,BIRDS_intersection_IUCN
hirundo rustica,BIRDS_intersection_IUCN
lullula arborea,BIRDS_intersection_IUCN
motacilla alba,BIRDS_intersection_IUCN
motacilla flava,BIRDS_intersection_IUCN
muscicapa striata,BIRDS_intersection_IUCN
pandion haliaetus,BIRDS_intersection_IUCN
passer domesticus,BIRDS_intersection_IUCN
phoenicurus ochruros,BIRDS_intersection_IUCN
phoenicurus phoenicurus,BIRDS_intersection_IUCN
phylloscopus collybita,BIRDS_intersection_IUCN
phylloscopus ibericus,BIRDS_intersection_IUCN
riparia riparia,BIRDS_intersection_IUCN
scolopax rusticola,BIRDS_intersection_IUCN
spatula clypeata,BIRDS_intersection_IUCN
streptopelia decaocto,BIRDS_intersection_IUCN
streptopelia turtur,BIRDS_intersection_IUCN
sturnus vulgaris,BIRDS_intersection_IUCN
curruca communis,BIRDS_intersection_IUCN
tachybaptus ruficollis,BIRDS_intersection_IUCN
tyto alba,BIRDS_intersection_IUCN
dendrocopos major,BIRDS_intersection_IUCN
falco subbuteo,BIRDS_intersection_IUCN
mareca penelope,BIRDS_intersection_IUCN
certhia brachydactyla,BIRDS_intersection_IUCN
limosa limosa,BIRDS_intersection_IUCN
lophophanes cristatus,BIRDS_intersection_IUCN
aegithalos caudatus,BIRDS_intersection_IUCN
lymnocryptes minimus,BIRDS_intersection_IUCN
numenius arquata,BIRDS_intersection_IUCN
vanellus vanellus,BIRDS_intersection_IUCN
pernis apivorus,BIRDS_intersection_IUCN
picus sharpei,BIRDS_intersection_IUCN
pluvialis apricaria,BIRDS_intersection_IUCN
strix aluco,BIRDS_intersection_IUCN
spatula querquedula,BIRDS_intersection_IUCN
tachymarptis melba,BIRDS_intersection_IUCN
tringa nebularia,BIRDS_intersection_IUCN
tringa totanus,BIRDS_intersection_IUCN
regulus ignicapilla,BIRDS_intersection_IUCN
turdus merula,BIRDS_intersection_IUCN
hippolais polyglotta,BIRDS_intersection_IUCN
fringilla montifringilla,BIRDS_intersection_IUCN
pica pica,BIRDS_intersection_IUCN
sylvia atricapilla,BIRDS_intersection_IUCN
corvus corax,BIRDS_intersection_IUCN
emberiza citrinella,BIRDS_intersection_IUCN
accipiter gentilis,BIRDS_intersection_IUCN
parus major,BIRDS_intersection_IUCN
phylloscopus trochilus,BIRDS_intersection_IUCN
prunella collaris,BIRDS_intersection_IUCN
sturnus unicolor,BIRDS_intersection_IUCN
sylvia borin,BIRDS_intersection_IUCN
turdus pilaris,BIRDS_intersection_IUCN
turdus viscivorus,BIRDS_intersection_IUCN
accipiter nisus,BIRDS_intersection_IUCN
actitis hypoleucos,BIRDS_intersection_IUCN
apus apus,BIRDS_intersection_IUCN
aythya fuligula,BIRDS_intersection_IUCN
calidris minuta,BIRDS_intersection_IUCN
cisticola juncidis,BIRDS_intersection_IUCN
coccothraustes coccothraustes,BIRDS_intersection_IUCN
emberiza cia,BIRDS_intersection_IUCN
loxia curvirostra,BIRDS_intersection_IUCN
passer montanus,BIRDS_intersection_IUCN
spinus spinus,BIRDS_intersection_IUCN
periparus ater,BIRDS_intersection_IUCN
delichon urbicum,BIRDS_intersection_IUCN
garrulus glandarius,BIRDS_intersection_IUCN
lanius meridionalis,BIRDS_intersection_IUCN
cyanistes caeruleus,BIRDS_intersection_IUCN
corvus corone,BIRDS_intersection_IUCN
calandrella brachydactyla,BIRDS_intersection_IUCN
anthus spinoletta,BIRDS_intersection_IUCN
alauda arvensis,BIRDS_intersection_IUCN
anthus trivialis,BIRDS_intersection_IUCN
ficedula parva,BIRDS_intersection_IUCN
carduelis carduelis,BIRDS_intersection_IUCN
serinus serinus,BIRDS_intersection_IUCN
curruca melanocephala,BIRDS_intersection_IUCN
troglodytes troglodytes,BIRDS_intersection_IUCN
anthus petrosus,BIRDS_intersection_IUCN
emberiza cirlus,BIRDS_intersection_IUCN
pyrrhula pyrrhula,BIRDS_intersection_IUCN
chloris chloris,BIRDS_intersection_IUCN
columba palumbus,BIRDS_intersection_IUCN
coturnix coturnix,BIRDS_intersection_IUCN
erithacus rubecula,BIRDS_intersection_IUCN
linaria cannabina,BIRDS_intersection_IUCN
prunella modularis,BIRDS_intersection_IUCN
turdus philomelos,BIRDS_intersection_IUCN
acrocephalus paludicola,BIRDS_intersection_IUCN
curruca undata,BIRDS_intersection_IUCN
numenius phaeopus,BIRDS_intersection_IUCN
turdus iliacus,BIRDS_intersection_IUCN
branta bernicla,BIRDS_intersection_IUCN
charadrius alexandrinus,BIRDS_intersection_IUCN
charadrius dubius,BIRDS_intersection_IUCN
emberiza calandra,BIRDS_intersection_IUCN
fulica atra,BIRDS_intersection_IUCN
galerida cristata,BIRDS_intersection_IUCN
rallus aquaticus,BIRDS_intersection_IUCN
pyrrhocorax pyrrhocorax,BIRDS_intersection_IUCN
oriolus oriolus,BIRDS_intersection_IUCN
mareca strepera,BIRDS_intersection_IUCN
caprimulgus europaeus,BIRDS_intersection_IUCN
lanius collurio,BIRDS_intersection_IUCN
burhinus oedicnemus,BIRDS_intersection_IUCN
corvus monedula,BIRDS_intersection_IUCN
asio otus,BIRDS_intersection_IUCN
recurvirostra avosetta,BIRDS_intersection_IUCN
luscinia megarhynchos,BIRDS_intersection_IUCN
cinclus cinclus,BIRDS_intersection_IUCN
calidris maritima,BIRDS_intersection_IUCN
clamator glandarius,BIRDS_intersection_IUCN
jynx torquilla,BIRDS_intersection_IUCN
acrocephalus arundinaceus,BIRDS_intersection_IUCN
petronia petronia,BIRDS_intersection_IUCN
melanitta fusca,BIRDS_intersection_IUCN
oenanthe oenanthe,BIRDS_intersection_IUCN
anas acuta,BIRDS_intersection_IUCN
tringa ochropus,BIRDS_intersection_IUCN
regulus regulus,BIRDS_intersection_IUCN
lanius senator,BIRDS_intersection_IUCN
tichodroma muraria,BIRDS_intersection_IUCN
asio flammeus,BIRDS_intersection_IUCN
poecile palustris,BIRDS_intersection_IUCN
ptyonoprogne rupestris,BIRDS_intersection_IUCN
sitta europaea,BIRDS_intersection_IUCN
Ardenna gravis,BIRDS_intersection
Ardenna grisea,BIRDS_intersection
Rissa tridactyla,BIRDS_intersection
Hydrobates pelagicus,BIRDS_intersection
Larus ridibundus,BIRDS_intersection
Oceanites oceanicus,BIRDS_intersection
Stercorarius pomarinus,BIRDS_intersection
Morus bassanus,BIRDS_intersection
Pterodroma madeira,BIRDS_intersection
Puffinus lherminieri,BIRDS_intersection
Puffinus puffinus,BIRDS_intersection
Pterodroma cahow,BIRDS_intersection
Pterodroma deserta,BIRDS_intersection
Pterodroma feae,BIRDS_intersection
Uria aalge,BIRDS_intersection
Bulweria bulwerii,BIRDS_intersection
Calonectris borealis,BIRDS_intersection
Calonectris diomedea,BIRDS_intersection
Catharacta skua,BIRDS_intersection
Fratercula arctica,BIRDS_intersection
Xema sabini,BIRDS_intersection
Alca torda,BIRDS_intersection
Hydrobates jabejabe,BIRDS_intersection
Hydrobates castro,BIRDS_intersection
Hydrobates leucorhous,BIRDS_intersection
Calidris ferruginea,BIRDS_intersection
Arenaria interpres,BIRDS_intersection
Pluvialis squatarola,BIRDS_intersection
Calidris alpina,BIRDS_intersection
Calidris alba,BIRDS_intersection
Calidris canutus,BIRDS_intersection
Limosa lapponica,BIRDS_intersection
Larus marinus,BIRDS_intersection
Puffinus mauretanicus,BIRDS_intersection
Larus fuscus,BIRDS_intersection
Calidris falcinellus,BIRDS_intersection
Larus canus,BIRDS_intersection
Pinguinus impennis,BIRDS_intersection
Larus argentatus,BIRDS_intersection
Chlidonias niger,BIRDS_intersection
Larus michahellis,BIRDS_intersection
Hydrocoloeus minutus,BIRDS_intersection
Gavia immer,BIRDS_intersection
Aythya marila,BIRDS_intersection
Gavia stellata,BIRDS_intersection
Larus melanocephalus,BIRDS_intersection
Podiceps cristatus,BIRDS_intersection
Thalasseus sandvicensis,BIRDS_intersection
Gavia arctica,BIRDS_intersection
Gulosus aristotelis,BIRDS_intersection
Melanitta nigra,BIRDS_intersection
Alcedo atthis,BIRDS_intersection
Motacilla cinerea,BIRDS_intersection
Podiceps nigricollis,BIRDS_intersection
Somateria mollissima,BIRDS_intersection
Anthus pratensis,BIRDS_intersection
Buteo buteo,BIRDS_intersection
Circaetus gallicus,BIRDS_intersection
Circus aeruginosus,BIRDS_intersection
Circus cyaneus,BIRDS_intersection
Circus pygargus,BIRDS_intersection
Falco tinnunculus,BIRDS_intersection
Otus scops,BIRDS_intersection
Aythya ferina,BIRDS_intersection
Saxicola torquatus,BIRDS_intersection
Anas crecca,BIRDS_intersection
Upupa epops,BIRDS_intersection
Milvus migrans,BIRDS_intersection
Acrocephalus scirpaceus,BIRDS_intersection
Anas platyrhynchos,BIRDS_intersection
Ardea cinerea,BIRDS_intersection
Athene noctua,BIRDS_intersection
Charadrius hiaticula,BIRDS_intersection
Cuculus canorus,BIRDS_intersection
Emberiza schoeniclus,BIRDS_intersection
Falco peregrinus,BIRDS_intersection
Fringilla coelebs,BIRDS_intersection
Gallinago gallinago,BIRDS_intersection
Gallinula chloropus,BIRDS_intersection
Haematopus ostralegus,BIRDS_intersection
Himantopus himantopus,BIRDS_intersection
Hirundo rustica,BIRDS_intersection
Lullula arborea,BIRDS_intersection
Motacilla alba,BIRDS_intersection
Motacilla flava,BIRDS_intersection
Muscicapa striata,BIRDS_intersection
Pandion haliaetus,BIRDS_intersection
Passer domesticus,BIRDS_intersection
Phoenicurus ochruros,BIRDS_intersection
Phoenicurus phoenicurus,BIRDS_intersection
Phylloscopus collybita,BIRDS_intersection
Phylloscopus ibericus,BIRDS_intersection
Riparia riparia,BIRDS_intersection
Scolopax rusticola,BIRDS_intersection
Spatula clypeata,BIRDS_intersection
Streptopelia decaocto,BIRDS_intersection
Streptopelia turtur,BIRDS_intersection
Sturnus vulgaris,BIRDS_intersection
Curruca communis,BIRDS_intersection
Tachybaptus ruficollis,BIRDS_intersection
Tyto alba,BIRDS_intersection
Dendrocopos major,BIRDS_intersection
Falco subbuteo,BIRDS_intersection
Mareca penelope,BIRDS_intersection
Certhia brachydactyla,BIRDS_intersection
Limosa limosa,BIRDS_intersection
Lophophanes cristatus,BIRDS_intersection
Aegithalos caudatus,BIRDS_intersection
Lymnocryptes minimus,BIRDS_intersection
Numenius arquata,BIRDS_intersection
Vanellus vanellus,BIRDS_intersection
Pernis apivorus,BIRDS_intersection
Picus sharpei,BIRDS_intersection
Pluvialis apricaria,BIRDS_intersection
Strix aluco,BIRDS_intersection
Spatula querquedula,BIRDS_intersection
Tachymarptis melba,BIRDS_intersection
Tringa nebularia,BIRDS_intersection
Tringa totanus,BIRDS_intersection
Regulus ignicapilla,BIRDS_intersection
Turdus merula,BIRDS_intersection
Hippolais polyglotta,BIRDS_intersection
Fringilla montifringilla,BIRDS_intersection
Pica pica,BIRDS_intersection
Sylvia atricapilla,BIRDS_intersection
Corvus corax,BIRDS_intersection
Emberiza citrinella,BIRDS_intersection
Accipiter gentilis,BIRDS_intersection
Parus major,BIRDS_intersection
Phylloscopus trochilus,BIRDS_intersection
Prunella collaris,BIRDS_intersection
Sturnus unicolor,BIRDS_intersection
Sylvia borin,BIRDS_intersection
Turdus pilaris,BIRDS_intersection
Turdus viscivorus,BIRDS_intersection
Accipiter nisus,BIRDS_intersection
Actitis hypoleucos,BIRDS_intersection
Apus apus,BIRDS_intersection
Aythya fuligula,BIRDS_intersection
Calidris minuta,BIRDS_intersection
Cisticola juncidis,BIRDS_intersection
Coccothraustes coccothraustes,BIRDS_intersection
Emberiza cia,BIRDS_intersection
Loxia curvirostra,BIRDS_intersection
Passer montanus,BIRDS_intersection
Spinus spinus,BIRDS_intersection
Periparus ater,BIRDS_intersection
Delichon urbicum,BIRDS_intersection
Garrulus glandarius,BIRDS_intersection
Lanius meridionalis,BIRDS_intersection
Cyanistes caeruleus,BIRDS_intersection
Corvus corone,BIRDS_intersection
Calandrella brachydactyla,BIRDS_intersection
Anthus spinoletta,BIRDS_intersection
Alauda arvensis,BIRDS_intersection
Anthus trivialis,BIRDS_intersection
Ficedula parva,BIRDS_intersection
Carduelis carduelis,BIRDS_intersection
Serinus serinus,BIRDS_intersection
Curruca melanocephala,BIRDS_intersection
Troglodytes troglodytes,BIRDS_intersection
Anthus petrosus,BIRDS_intersection
Emberiza cirlus,BIRDS_intersection
Pyrrhula pyrrhula,BIRDS_intersection
Chloris chloris,BIRDS_intersection
Columba palumbus,BIRDS_intersection
Coturnix coturnix,BIRDS_intersection
Erithacus rubecula,BIRDS_intersection
Linaria cannabina,BIRDS_intersection
Prunella modularis,BIRDS_intersection
Turdus philomelos,BIRDS_intersection
Acrocephalus paludicola,BIRDS_intersection
Curruca undata,BIRDS_intersection
Numenius phaeopus,BIRDS_intersection
Turdus iliacus,BIRDS_intersection
Branta bernicla,BIRDS_intersection
Charadrius alexandrinus,BIRDS_intersection
Charadrius dubius,BIRDS_intersection
Emberiza calandra,BIRDS_intersection
Fulica atra,BIRDS_intersection
Galerida cristata,BIRDS_intersection
Rallus aquaticus,BIRDS_intersection
Pyrrhocorax pyrrhocorax,BIRDS_intersection
Oriolus oriolus,BIRDS_intersection
Mareca strepera,BIRDS_intersection
Caprimulgus europaeus,BIRDS_intersection
Lanius collurio,BIRDS_intersection
Burhinus oedicnemus,BIRDS_intersection
Corvus monedula,BIRDS_intersection
Asio otus,BIRDS_intersection
Recurvirostra avosetta,BIRDS_intersection
Luscinia megarhynchos,BIRDS_intersection
Cinclus cinclus,BIRDS_intersection
Calidris maritima,BIRDS_intersection
Clamator glandarius,BIRDS_intersection
Jynx torquilla,BIRDS_intersection
Acrocephalus arundinaceus,BIRDS_intersection
Petronia petronia,BIRDS_intersection
Melanitta fusca,BIRDS_intersection
Oenanthe oenanthe,BIRDS_intersection
Anas acuta,BIRDS_intersection
Tringa ochropus,BIRDS_intersection
Regulus regulus,BIRDS_intersection
Lanius senator,BIRDS_intersection
Tichodroma muraria,BIRDS_intersection
Asio flammeus,BIRDS_intersection
Poecile palustris,BIRDS_intersection
Ptyonoprogne rupestris,BIRDS_intersection
Sitta europaea,BIRDS_intersection
Scartella cristata,BLENNIES_intersection2
Parablennius pilicornis,BLENNIES_intersection2
Blennius ocellaris,BLENNIES_intersection2
Lipophrys trigloides,BLENNIES_intersection2
Parablennius gattorugine,BLENNIES_intersection2
Tripterygion delaisi,BLENNIES_intersection2
Parablennius ruber,BLENNIES_intersection2
Coryphoblennius galerita,BLENNIES_intersection2
Salaria pavo,BLENNIES_intersection2
Lipophrys pholis,BLENNIES_intersection2
Parablennius tentacularis,BLENNIES_intersection2
Parablennius sanguinolentus,BLENNIES_intersection2
Parablennius incognitus,BLENNIES_intersection2
Capros aper,BUTTERFLYFISH_ANGELFISH_ALLIES_intersection
Callanthias ruber,BUTTERFLYFISH_ANGELFISH_ALLIES_intersection
Cepola macrophthalma,BUTTERFLYFISH_ANGELFISH_ALLIES_intersection
Umbrina canariensis,BUTTERFLYFISH_ANGELFISH_ALLIES_intersection
Pagrus pagrus,BUTTERFLYFISH_ANGELFISH_ALLIES_intersection
Diplodus cervinus,BUTTERFLYFISH_ANGELFISH_ALLIES_intersection
Diplodus sargus,BUTTERFLYFISH_ANGELFISH_ALLIES_intersection
Lithognathus mormyrus,BUTTERFLYFISH_ANGELFISH_ALLIES_intersection
Dentex maroccanus,BUTTERFLYFISH_ANGELFISH_ALLIES_intersection
Sarpa salpa,BUTTERFLYFISH_ANGELFISH_ALLIES_intersection
Oblada melanura,BUTTERFLYFISH_ANGELFISH_ALLIES_intersection
Pagrus auriga,BUTTERFLYFISH_ANGELFISH_ALLIES_intersection
Pagellus erythrinus,BUTTERFLYFISH_ANGELFISH_ALLIES_intersection
Pagellus acarne,BUTTERFLYFISH_ANGELFISH_ALLIES_intersection
Dentex macrophthalmus,BUTTERFLYFISH_ANGELFISH_ALLIES_intersection
Pagellus bogaraveo,BUTTERFLYFISH_ANGELFISH_ALLIES_intersection
Dentex dentex,BUTTERFLYFISH_ANGELFISH_ALLIES_intersection
Boops boops,BUTTERFLYFISH_ANGELFISH_ALLIES_intersection
Sparus aurata,BUTTERFLYFISH_ANGELFISH_ALLIES_intersection
Spondyliosoma cantharus,BUTTERFLYFISH_ANGELFISH_ALLIES_intersection
Diplodus annularis,BUTTERFLYFISH_ANGELFISH_ALLIES_intersection
Diplodus vulgaris,BUTTERFLYFISH_ANGELFISH_ALLIES_intersection
Diplodus puntazzo,BUTTERFLYFISH_ANGELFISH_ALLIES_intersection
Spicara maena,BUTTERFLYFISH_ANGELFISH_ALLIES_intersection
Dicentrarchus punctatus,BUTTERFLYFISH_ANGELFISH_ALLIES_intersection
Argyrosomus regius,BUTTERFLYFISH_ANGELFISH_ALLIES_intersection
Sciaena umbra,BUTTERFLYFISH_ANGELFISH_ALLIES_intersection
Umbrina cirrosa,BUTTERFLYFISH_ANGELFISH_ALLIES_intersection
Antigonia capros,BUTTERFLYFISH_ANGELFISH_ALLIES_intersection
Dicentrarchus labrax,BUTTERFLYFISH_ANGELFISH_ALLIES_intersection
Centracanthus cirrus,BUTTERFLYFISH_ANGELFISH_ALLIES_intersection
Morone saxatilis,BUTTERFLYFISH_ANGELFISH_ALLIES_intersection
Xiphias gladius,CARANGIFORM_FISHES_intersection
Coryphaena hippurus,CARANGIFORM_FISHES_intersection
Tetrapturus pfluegeri,CARANGIFORM_FISHES_intersection
Makaira nigricans,CARANGIFORM_FISHES_intersection
Kajikia albida,CARANGIFORM_FISHES_intersection
Istiophorus platypterus,CARANGIFORM_FISHES_intersection
Bathysolea profundicola,CARANGIFORM_FISHES_intersection
Remora remora,CARANGIFORM_FISHES_intersection
Phtheirichthys lineatus,CARANGIFORM_FISHES_intersection
Trachurus trachurus,CARANGIFORM_FISHES_intersection
Trachurus mediterraneus,CARANGIFORM_FISHES_intersection
Scophthalmus maximus,CARANGIFORM_FISHES_intersection
Lichia amia,CARANGIFORM_FISHES_intersection
Seriola dumerili,CARANGIFORM_FISHES_intersection
Trachurus picturatus,CARANGIFORM_FISHES_intersection
Symphurus nigrescens,CARANGIFORM_FISHES_intersection
Lepidorhombus boscii,CARANGIFORM_FISHES_intersection
Lepidorhombus whiffiagonis,CARANGIFORM_FISHES_intersection
Arnoglossus imperialis,CARANGIFORM_FISHES_intersection
Buglossidium luteum,CARANGIFORM_FISHES_intersection
Dicologlossa cuneata,CARANGIFORM_FISHES_intersection
Pseudocaranx dentex,CARANGIFORM_FISHES_intersection
Seriola fasciata,CARANGIFORM_FISHES_intersection
Naucrates ductor,CARANGIFORM_FISHES_intersection
Pegusa lascaris,CARANGIFORM_FISHES_intersection
Sphyraena sphyraena,CARANGIFORM_FISHES_intersection
Campogramma glaycos,CARANGIFORM_FISHES_intersection
Trachinotus ovatus,CARANGIFORM_FISHES_intersection
Sphyraena viridensis,CARANGIFORM_FISHES_intersection
Arnoglossus laterna,CARANGIFORM_FISHES_intersection
Bothus podas,CARANGIFORM_FISHES_intersection
Scophthalmus rhombus,CARANGIFORM_FISHES_intersection
Zeugopterus regius,CARANGIFORM_FISHES_intersection
Microchirus variegatus,CARANGIFORM_FISHES_intersection
Seriola carpenteri,CARANGIFORM_FISHES_intersection
Zeugopterus punctatus,CARANGIFORM_FISHES_intersection
Pleuronectes platessa,CARANGIFORM_FISHES_intersection
Platichthys flesus,CARANGIFORM_FISHES_intersection
Xiphias gladius,CARANGIFORM_FISHES_intersection2
Coryphaena hippurus,CARANGIFORM_FISHES_intersection2
Tetrapturus pfluegeri,CARANGIFORM_FISHES_intersection2
Makaira nigricans,CARANGIFORM_FISHES_intersection2
Kajikia albida,CARANGIFORM_FISHES_intersection2
Istiophorus platypterus,CARANGIFORM_FISHES_intersection2
Bathysolea profundicola,CARANGIFORM_FISHES_intersection2
Remora remora,CARANGIFORM_FISHES_intersection2
Phtheirichthys lineatus,CARANGIFORM_FISHES_intersection2
Trachurus trachurus,CARANGIFORM_FISHES_intersection2
Trachurus mediterraneus,CARANGIFORM_FISHES_intersection2
Scophthalmus maximus,CARANGIFORM_FISHES_intersection2
Lichia amia,CARANGIFORM_FISHES_intersection2
Seriola dumerili,CARANGIFORM_FISHES_intersection2
Trachurus picturatus,CARANGIFORM_FISHES_intersection2
Symphurus nigrescens,CARANGIFORM_FISHES_intersection2
Lepidorhombus boscii,CARANGIFORM_FISHES_intersection2
Lepidorhombus whiffiagonis,CARANGIFORM_FISHES_intersection2
Arnoglossus imperialis,CARANGIFORM_FISHES_intersection2
Buglossidium luteum,CARANGIFORM_FISHES_intersection2
Dicologlossa cuneata,CARANGIFORM_FISHES_intersection2
Pseudocaranx dentex,CARANGIFORM_FISHES_intersection2
Seriola fasciata,CARANGIFORM_FISHES_intersection2
Naucrates ductor,CARANGIFORM_FISHES_intersection2
Pegusa lascaris,CARANGIFORM_FISHES_intersection2
Sphyraena sphyraena,CARANGIFORM_FISHES_intersection2
Campogramma glaycos,CARANGIFORM_FISHES_intersection2
Trachinotus ovatus,CARANGIFORM_FISHES_intersection2
Sphyraena viridensis,CARANGIFORM_FISHES_intersection2
Arnoglossus laterna,CARANGIFORM_FISHES_intersection2
Bothus podas,CARANGIFORM_FISHES_intersection2
Scophthalmus rhombus,CARANGIFORM_FISHES_intersection2
Zeugopterus regius,CARANGIFORM_FISHES_intersection2
Microchirus variegatus,CARANGIFORM_FISHES_intersection2
Seriola carpenteri,CARANGIFORM_FISHES_intersection2
Zeugopterus punctatus,CARANGIFORM_FISHES_intersection2
Pleuronectes platessa,CARANGIFORM_FISHES_intersection2
Platichthys flesus,CARANGIFORM_FISHES_intersection2
Alosa alosa,CLUPEIFORMES_intersection2
Engraulis encrasicolus,CLUPEIFORMES_intersection2
Sardina pilchardus,CLUPEIFORMES_intersection2
Sprattus sprattus,CLUPEIFORMES_intersection2
Alosa fallax,CLUPEIFORMES_intersection2
Derichthys serpentinus,EELS_intersection2
Synaphobranchus kaupii,EELS_intersection2
Nemichthys scolopaceus,EELS_intersection2
Serrivomer beanii,EELS_intersection2
Avocettina infans,EELS_intersection2
Ilyophis brunneus,EELS_intersection2
Nessorhamphus ingolfianus,EELS_intersection2
Cyema atrum,EELS_intersection2
Eurypharynx pelecanoides,EELS_intersection2
Saccopharynx ampullaceus,EELS_intersection2
Simenchelys parasitica,EELS_intersection2
Ophisurus serpens,EELS_intersection2
Nettastoma melanurum,EELS_intersection2
Conger conger,EELS_intersection2
Gymnothorax unicolor,EELS_intersection2
Muraena helena,EELS_intersection2
Facciolella oxyrhyncha,EELS_intersection2
Dalophis imberbis,EELS_intersection2
Echelus myrus,EELS_intersection2
Pisodonophis semicinctus,EELS_intersection2
Venefica proboscidea,EELS_intersection2
Anguilla anguilla,EELS_intersection2
Mugil cephalus,FW_FISH_PART1_intersection
Syngnathus typhle,FW_FISH_PART1_intersection
Dicentrarchus punctatus,FW_FISH_PART1_intersection
Petromyzon marinus,FW_FISH_PART1_intersection
Planiliza subviridis,FW_FISH_PART1_intersection
Pomatoschistus minutus,FW_FISH_PART1_intersection
Sprattus sprattus,FW_FISH_PART1_intersection
Pleuronectes platessa,FW_FISH_PART1_intersection
Alosa fallax,FW_FISH_PART1_intersection
Dicentrarchus labrax,FW_FISH_PART1_intersection
Chelon labrosus,FW_FISH_PART1_intersection
Acipenser sturio,FW_FISH_PART1_intersection
Atherina boyeri,FW_FISH_PART1_intersection
Pomatoschistus microps,FW_FISH_PART1_intersection
Platichthys flesus,FW_FISH_PART1_intersection
Salmo salar,FW_FISH_PART2_intersection
Alosa alosa,FW_FISH_PART2_intersection
Gobius paganellus,FW_FISH_PART2_intersection
Gasterosteus aculeatus,FW_FISH_PART2_intersection
Salmo trutta,FW_FISH_PART2_intersection
Syngnathus abaster,FW_FISH_PART2_intersection
Chelon ramada,FW_FISH_PART2_intersection
Chelon auratus,FW_FISH_PART2_intersection
Anguilla anguilla,FW_FISH_PART2_intersection
Chelon saliens,FW_FISH_PART2_intersection
Kuhlia mugil,FW_FISH_PART2_intersection
Morone saxatilis,FW_FISH_PART2_intersection
Hydrobia acuta,FW_MOLLUSCS_intersection2
Myosotella myosotis,FW_MOLLUSCS_intersection2
Arenaria interpres,FW_OTHER_PART1_intersection
Calidris alba,FW_OTHER_PART1_intersection
Calidris ferruginea,FW_OTHER_PART1_intersection
Larus ridibundus,FW_OTHER_PART1_intersection
Xema sabini,FW_OTHER_PART1_intersection
Larus argentatus,FW_OTHER_PART1_intersection
Hydrocoloeus minutus,FW_OTHER_PART1_intersection
Larus melanocephalus,FW_OTHER_PART1_intersection
Melanitta nigra,FW_OTHER_PART1_intersection
Haematopus ostralegus,FW_OTHER_PART1_intersection
Milvus migrans,FW_OTHER_PART1_intersection
Limosa limosa,FW_OTHER_PART1_intersection
Pluvialis apricaria,FW_OTHER_PART1_intersection
Aythya fuligula,FW_OTHER_PART1_intersection
Lutra lutra,FW_OTHER_PART1_intersection
Spatula clypeata,FW_OTHER_PART1_intersection
Calidris maritima,FW_OTHER_PART1_intersection
Stercorarius pomarinus,FW_OTHER_PART2_intersection
Calidris alpina,FW_OTHER_PART2_intersection
Larus fuscus,FW_OTHER_PART2_intersection
Larus canus,FW_OTHER_PART2_intersection
Himantopus himantopus,FW_OTHER_PART2_intersection
Ardea cinerea,FW_OTHER_PART2_intersection
Anthus spinoletta,FW_OTHER_PART2_intersection
Tringa nebularia,FW_OTHER_PART2_intersection
Pandion haliaetus,FW_OTHER_PART2_intersection
Corvus corone,FW_OTHER_PART2_intersection
Aythya ferina,FW_OTHER_PART2_intersection
Numenius phaeopus,FW_OTHER_PART2_intersection
Cisticola juncidis,FW_OTHER_PART2_intersection
Anthus pratensis,FW_OTHER_PART2_intersection
Tachybaptus ruficollis,FW_OTHER_PART2_intersection
Recurvirostra avosetta,FW_OTHER_PART2_intersection
Oenanthe oenanthe,FW_OTHER_PART2_intersection
Anas acuta,FW_OTHER_PART2_intersection
Pluvialis squatarola,FW_OTHER_PART3_intersection
Calidris canutus,FW_OTHER_PART3_intersection
Calidris falcinellus,FW_OTHER_PART3_intersection
Petromyzon marinus,FW_OTHER_PART3_intersection
Aythya marila,FW_OTHER_PART3_intersection
Podiceps cristatus,FW_OTHER_PART3_intersection
Gavia arctica,FW_OTHER_PART3_intersection
Alcedo atthis,FW_OTHER_PART3_intersection
Falco peregrinus,FW_OTHER_PART3_intersection
Limosa lapponica,FW_OTHER_PART3_intersection
Charadrius hiaticula,FW_OTHER_PART3_intersection
Tringa totanus,FW_OTHER_PART3_intersection
Mareca penelope,FW_OTHER_PART3_intersection
Numenius arquata,FW_OTHER_PART3_intersection
Alauda arvensis,FW_OTHER_PART3_intersection
Anthus petrosus,FW_OTHER_PART3_intersection
Fulica atra,FW_OTHER_PART3_intersection
Charadrius dubius,FW_OTHER_PART3_intersection
Charadrius alexandrinus,FW_OTHER_PART3_intersection
Poecile palustris,FW_OTHER_PART3_intersection
Gavia stellata,FW_OTHER_PART4_intersection
Larus michahellis,FW_OTHER_PART4_intersection
Gavia immer,FW_OTHER_PART4_intersection
Chlidonias niger,FW_OTHER_PART4_intersection
Gulosus aristotelis,FW_OTHER_PART4_intersection
Podiceps nigricollis,FW_OTHER_PART4_intersection
Gallinula chloropus,FW_OTHER_PART4_intersection
Calidris minuta,FW_OTHER_PART4_intersection
Actitis hypoleucos,FW_OTHER_PART4_intersection
Spatula querquedula,FW_OTHER_PART4_intersection
Lymnocryptes minimus,FW_OTHER_PART4_intersection
Branta bernicla,FW_OTHER_PART4_intersection
Melanitta fusca,FW_OTHER_PART4_intersection
Bolboschoenus maritimus,FW_PLANTS_PART1_intersection
Zostera noltii,FW_PLANTS_PART2_intersection2
Mycteroperca marginata,GROUPERS_intersection2
Myxine glutinosa,HAGFISH_intersection2
Nephropsis atlantica,LOBSTERS_intersection2
Nephrops norvegicus,LOBSTERS_intersection2
Stereomastis sculpta,LOBSTERS_intersection2
Cardus crucifer,LOBSTERS_intersection2
Palinurus mauritanicus,LOBSTERS_intersection2
Stereomastis nana,LOBSTERS_intersection2
Polycheles typhlops,LOBSTERS_intersection2
Scyllarus arctus,LOBSTERS_intersection2
Homarus gammarus,LOBSTERS_intersection2
Megaptera novaeangliae,MAMMALS_intersection
Mesoplodon bidens,MAMMALS_intersection
Delphinus delphis,MAMMALS_intersection
Mesoplodon europaeus,MAMMALS_intersection
Balaenoptera borealis,MAMMALS_intersection
Hyperoodon ampullatus,MAMMALS_intersection
Grampus griseus,MAMMALS_intersection
Globicephala macrorhynchus,MAMMALS_intersection
Kogia sima,MAMMALS_intersection
Feresa attenuata,MAMMALS_intersection
Ziphius cavirostris,MAMMALS_intersection
Kogia breviceps,MAMMALS_intersection
Tursiops truncatus,MAMMALS_intersection
Balaenoptera physalus,MAMMALS_intersection
Balaenoptera musculus,MAMMALS_intersection
Mesoplodon densirostris,MAMMALS_intersection
Mesoplodon mirus,MAMMALS_intersection
Eubalaena glacialis,MAMMALS_intersection
Physeter macrocephalus,MAMMALS_intersection
Globicephala melas,MAMMALS_intersection
Stenella coeruleoalba,MAMMALS_intersection
Balaenoptera acutorostrata,MAMMALS_intersection
Steno bredanensis,MAMMALS_intersection
Pseudorca crassidens,MAMMALS_intersection
Lagenorhynchus albirostris,MAMMALS_intersection
Phocoena phocoena,MAMMALS_intersection
Lutra lutra,MAMMALS_intersection
Xiphias gladius,MARINEFISH_PART1_intersection
Derichthys serpentinus,MARINEFISH_PART1_intersection
Tetrapturus pfluegeri,MARINEFISH_PART1_intersection
Istiophorus platypterus,MARINEFISH_PART1_intersection
Chauliodus danae,MARINEFISH_PART1_intersection
Astronesthes leucopogon,MARINEFISH_PART1_intersection
Chirostomias pliopterus,MARINEFISH_PART1_intersection
Photostomias guernei,MARINEFISH_PART1_intersection
Chauliodus sloani,MARINEFISH_PART1_intersection
Avocettina infans,MARINEFISH_PART1_intersection
Scopelosaurus lepidus,MARINEFISH_PART1_intersection
Ranzania laevis,MARINEFISH_PART1_intersection
Masturus lanceolatus,MARINEFISH_PART1_intersection
Bathysolea profundicola,MARINEFISH_PART1_intersection
Benthosema glaciale,MARINEFISH_PART1_intersection
Hygophum hygomii,MARINEFISH_PART1_intersection
Maurolicus muelleri,MARINEFISH_PART1_intersection
Ilyophis brunneus,MARINEFISH_PART1_intersection
Diaphus effulgens,MARINEFISH_PART1_intersection
Diretmus argenteus,MARINEFISH_PART1_intersection
Trachipterus arcticus,MARINEFISH_PART1_intersection
Melanocetus johnsonii,MARINEFISH_PART1_intersection
Argyropelecus aculeatus,MARINEFISH_PART1_intersection
Melanostomias macrophotus,MARINEFISH_PART1_intersection
Stomias longibarbatus,MARINEFISH_PART1_intersection
Melamphaes simus,MARINEFISH_PART1_intersection
Leptostomias haplocaulus,MARINEFISH_PART1_intersection
Bathophilus metallicus,MARINEFISH_PART1_intersection
Lampadena speculigera,MARINEFISH_PART1_intersection
Notoscopelus kroyeri,MARINEFISH_PART1_intersection
Melamphaes falsidicus,MARINEFISH_PART1_intersection
Lestidiops similis,MARINEFISH_PART1_intersection
Lagocephalus lagocephalus,MARINEFISH_PART1_intersection
Trachurus trachurus,MARINEFISH_PART1_intersection
Auxis thazard,MARINEFISH_PART1_intersection
Auxis rochei,MARINEFISH_PART1_intersection
Centrophorus squamosus,MARINEFISH_PART1_intersection
Centroscyllium fabricii,MARINEFISH_PART1_intersection
Scophthalmus maximus,MARINEFISH_PART1_intersection
Cataetyx laticeps,MARINEFISH_PART1_intersection
Alopias vulpinus,MARINEFISH_PART1_intersection
Somniosus rostratus,MARINEFISH_PART1_intersection
Chlorophthalmus agassizi,MARINEFISH_PART1_intersection
Cataetyx alleni,MARINEFISH_PART1_intersection
Photonectes mirabilis,MARINEFISH_PART1_intersection
Chaenophryne ramifera,MARINEFISH_PART1_intersection
Raja microocellata,MARINEFISH_PART1_intersection
Arnoglossus imperialis,MARINEFISH_PART1_intersection
Dipturus nidarosiensis,MARINEFISH_PART1_intersection
Lithognathus mormyrus,MARINEFISH_PART1_intersection
Pagrus auriga,MARINEFISH_PART1_intersection
Diplodus annularis,MARINEFISH_PART1_intersection
Blennius ocellaris,MARINEFISH_PART1_intersection
Coryphoblennius galerita,MARINEFISH_PART1_intersection
Labrus bergylta,MARINEFISH_PART1_intersection
Sphoeroides pachygaster,MARINEFISH_PART1_intersection
Halobatrachus didactylus,MARINEFISH_PART1_intersection
Sciaena umbra,MARINEFISH_PART1_intersection
Bothus podas,MARINEFISH_PART1_intersection
Antigonia capros,MARINEFISH_PART1_intersection
Seriola carpenteri,MARINEFISH_PART1_intersection
Nerophis lumbriciformis,MARINEFISH_PART1_intersection
Galeorhinus galeus,MARINEFISH_PART1_intersection
Pleuronectes platessa,MARINEFISH_PART1_intersection
Torpedo torpedo,MARINEFISH_PART1_intersection
Polymetme thaeocoryla,MARINEFISH_PART1_intersection
Raja miraletus,MARINEFISH_PART1_intersection
Scyliorhinus canicula,MARINEFISH_PART1_intersection
Rhinochimaera atlantica,MARINEFISH_PART1_intersection
Carcharodon carcharias,MARINEFISH_PART2_intersection
Isurus oxyrinchus,MARINEFISH_PART2_intersection
Prionace glauca,MARINEFISH_PART2_intersection
Coryphaena hippurus,MARINEFISH_PART2_intersection
Diaphus rafinesquii,MARINEFISH_PART2_intersection
Makaira nigricans,MARINEFISH_PART2_intersection
Euthynnus alletteratus,MARINEFISH_PART2_intersection
Pollichthys mauli,MARINEFISH_PART2_intersection
Sternoptyx pseudobscura,MARINEFISH_PART2_intersection
Bassozetus compressus,MARINEFISH_PART2_intersection
Bolinichthys indicus,MARINEFISH_PART2_intersection
Lobianchia gemellarii,MARINEFISH_PART2_intersection
Caulophryne jordani,MARINEFISH_PART2_intersection
Gonostoma denudatum,MARINEFISH_PART2_intersection
Evermannella balbo,MARINEFISH_PART2_intersection
Ceratoscopelus maderensis,MARINEFISH_PART2_intersection
Lampanyctus crocodilus,MARINEFISH_PART2_intersection
Bathophilus nigerrimus,MARINEFISH_PART2_intersection
Nessorhamphus ingolfianus,MARINEFISH_PART2_intersection
Lampanyctus alatus,MARINEFISH_PART2_intersection
Ceratias holboelli,MARINEFISH_PART2_intersection
Gonostoma elongatum,MARINEFISH_PART2_intersection
Argyropelecus gigas,MARINEFISH_PART2_intersection
Bathophilus vaillanti,MARINEFISH_PART2_intersection
Flagellostomias boureei,MARINEFISH_PART2_intersection
Melanostomias valdiviae,MARINEFISH_PART2_intersection
Trigonolampa miriceps,MARINEFISH_PART2_intersection
Eustomias macrurus,MARINEFISH_PART2_intersection
Lampanyctus photonotus,MARINEFISH_PART2_intersection
Pentherichthys atratus,MARINEFISH_PART2_intersection
Porogadus miles,MARINEFISH_PART2_intersection
Spectrunculus crassus,MARINEFISH_PART2_intersection
Linophryne coronata,MARINEFISH_PART2_intersection
Scopelosaurus argenteus,MARINEFISH_PART2_intersection
Simenchelys parasitica,MARINEFISH_PART2_intersection
Etmopterus princeps,MARINEFISH_PART2_intersection
Sphyrna zygaena,MARINEFISH_PART2_intersection
Neoraja iberica,MARINEFISH_PART2_intersection
Lichia amia,MARINEFISH_PART2_intersection
Cepola macrophthalma,MARINEFISH_PART2_intersection
Umbrina canariensis,MARINEFISH_PART2_intersection
Syngnathus rostellatus,MARINEFISH_PART2_intersection
Leptostomias longibarba,MARINEFISH_PART2_intersection
Dolopichthys allector,MARINEFISH_PART2_intersection
Hexanchus griseus,MARINEFISH_PART2_intersection
Chimaera monstrosa,MARINEFISH_PART2_intersection
Oxynotus paradoxus,MARINEFISH_PART2_intersection
Galeus melastomus,MARINEFISH_PART2_intersection
Diplodus vulgaris,MARINEFISH_PART2_intersection
Lipophrys trigloides,MARINEFISH_PART2_intersection
Parablennius tentacularis,MARINEFISH_PART2_intersection
Acantholabrus palloni,MARINEFISH_PART2_intersection
Symphodus melops,MARINEFISH_PART2_intersection
Pseudocaranx dentex,MARINEFISH_PART2_intersection
Aluterus scriptus,MARINEFISH_PART2_intersection
Dalophis imberbis,MARINEFISH_PART2_intersection
Pegusa lascaris,MARINEFISH_PART2_intersection
Sphyraena sphyraena,MARINEFISH_PART2_intersection
Carapus acus,MARINEFISH_PART2_intersection
Scophthalmus rhombus,MARINEFISH_PART2_intersection
Syngnathus typhle,MARINEFISH_PART2_intersection
Aluterus monoceros,MARINEFISH_PART2_intersection
Zeugopterus punctatus,MARINEFISH_PART2_intersection
Chimaera opalescens,MARINEFISH_PART2_intersection
Carcharhinus plumbeus,MARINEFISH_PART2_intersection
Syngnathus abaster,MARINEFISH_PART2_intersection
Anguilla anguilla,MARINEFISH_PART2_intersection
Gymnura altavela,MARINEFISH_PART2_intersection
Dasyatis pastinaca,MARINEFISH_PART2_intersection
Centracanthus cirrus,MARINEFISH_PART2_intersection
Squalus margaretsmithae,MARINEFISH_PART2_intersection
Thunnus obesus,MARINEFISH_PART3_intersection
Carcharhinus longimanus,MARINEFISH_PART3_intersection
Diaphus holti,MARINEFISH_PART3_intersection
Macroramphosus scolopax,MARINEFISH_PART3_intersection
Alopias superciliosus,MARINEFISH_PART3_intersection
Kajikia albida,MARINEFISH_PART3_intersection
Lestidiops jayakari,MARINEFISH_PART3_intersection
Cyclothone microdon,MARINEFISH_PART3_intersection
Bonapartia pedaliota,MARINEFISH_PART3_intersection
Brotulotaenia crassa,MARINEFISH_PART3_intersection
Aristostomias tittmanni,MARINEFISH_PART3_intersection
Astronesthes niger,MARINEFISH_PART3_intersection
Arctozenus risso,MARINEFISH_PART3_intersection
Diaphus metopoclampus,MARINEFISH_PART3_intersection
Lampanyctus pusillus,MARINEFISH_PART3_intersection
Borostomias antarcticus,MARINEFISH_PART3_intersection
Macroparalepis affinis,MARINEFISH_PART3_intersection
Notoscopelus resplendens,MARINEFISH_PART3_intersection
Oneirodes eschrichtii,MARINEFISH_PART3_intersection
Cyclothone acclinidens,MARINEFISH_PART3_intersection
Argyropelecus olfersii,MARINEFISH_PART3_intersection
Grammatostomias flagellibarba,MARINEFISH_PART3_intersection
Neonesthes capensis,MARINEFISH_PART3_intersection
Loweina interrupta,MARINEFISH_PART3_intersection
Melanostomias spilorhynchus,MARINEFISH_PART3_intersection
Oneirodes macrosteus,MARINEFISH_PART3_intersection
Himantolophus mauli,MARINEFISH_PART3_intersection
Sarda sarda,MARINEFISH_PART3_intersection
Bathysaurus ferox,MARINEFISH_PART3_intersection
Scomber colias,MARINEFISH_PART3_intersection
Spectrunculus grandis,MARINEFISH_PART3_intersection
Rajella bigelowi,MARINEFISH_PART3_intersection
Centroselachus crepidater,MARINEFISH_PART3_intersection
Seriola dumerili,MARINEFISH_PART3_intersection
Linophryne pennibarbata,MARINEFISH_PART3_intersection
Microlophichthys microlophus,MARINEFISH_PART3_intersection
Deania calceus,MARINEFISH_PART3_intersection
Hydrolagus pallidus,MARINEFISH_PART3_intersection
Dicologlossa cuneata,MARINEFISH_PART3_intersection
Leucoraja fullonica,MARINEFISH_PART3_intersection
Sarpa salpa,MARINEFISH_PART3_intersection
Dentex macrophthalmus,MARINEFISH_PART3_intersection
Pagellus bogaraveo,MARINEFISH_PART3_intersection
Diplodus puntazzo,MARINEFISH_PART3_intersection
Parablennius gattorugine,MARINEFISH_PART3_intersection
Symphodus roissali,MARINEFISH_PART3_intersection
Centrolabrus exoletus,MARINEFISH_PART3_intersection
Seriola fasciata,MARINEFISH_PART3_intersection
Sparisoma cretense,MARINEFISH_PART3_intersection
Gymnothorax unicolor,MARINEFISH_PART3_intersection
Echelus myrus,MARINEFISH_PART3_intersection
Engraulis encrasicolus,MARINEFISH_PART3_intersection
Sprattus sprattus,MARINEFISH_PART3_intersection
Ophidion barbatum,MARINEFISH_PART3_intersection
Umbrina cirrosa,MARINEFISH_PART3_intersection
Zeugopterus regius,MARINEFISH_PART3_intersection
Chaunax suttkusi,MARINEFISH_PART3_intersection
Alosa fallax,MARINEFISH_PART3_intersection
Aetomylaeus bovinus,MARINEFISH_PART3_intersection
Thalassoma pavo,MARINEFISH_PART3_intersection
Dolopichthys longicornis,MARINEFISH_PART3_intersection
Thunnus alalunga,MARINEFISH_PART4_intersection
Thunnus thynnus,MARINEFISH_PART4_intersection
Isurus paucus,MARINEFISH_PART4_intersection
Argyropelecus hemigymnus,MARINEFISH_PART4_intersection
Eustomias monodactylus,MARINEFISH_PART4_intersection
Synaphobranchus kaupii,MARINEFISH_PART4_intersection
Katsuwonus pelamis,MARINEFISH_PART4_intersection
Hygophum benoiti,MARINEFISH_PART4_intersection
Taaningichthys bathyphilus,MARINEFISH_PART4_intersection
Bathypterois longipes,MARINEFISH_PART4_intersection
Notolychnus valdiviae,MARINEFISH_PART4_intersection
Symbolophorus veranyi,MARINEFISH_PART4_intersection
Lestidiops sphyrenoides,MARINEFISH_PART4_intersection
Trachipterus trachypterus,MARINEFISH_PART4_intersection
Diogenichthys atlanticus,MARINEFISH_PART4_intersection
Lobianchia dofleini,MARINEFISH_PART4_intersection
Remora remora,MARINEFISH_PART4_intersection
Cyclothone braueri,MARINEFISH_PART4_intersection
Magnisudis atlantica,MARINEFISH_PART4_intersection
Lampadena chavesi,MARINEFISH_PART4_intersection
Lampanyctus festivus,MARINEFISH_PART4_intersection
Anotopterus pharao,MARINEFISH_PART4_intersection
Bufoceratias wedli,MARINEFISH_PART4_intersection
Lampanyctus macdonaldi,MARINEFISH_PART4_intersection
Cyema atrum,MARINEFISH_PART4_intersection
Sigmops bathyphilus,MARINEFISH_PART4_intersection
Sternoptyx diaphana,MARINEFISH_PART4_intersection
Echiostoma barbatum,MARINEFISH_PART4_intersection
Idiacanthus fasciola,MARINEFISH_PART4_intersection
Pachystomias microdon,MARINEFISH_PART4_intersection
Astronesthes neopogon,MARINEFISH_PART4_intersection
Borostomias elucens,MARINEFISH_PART4_intersection
Bassozetus levistomatus,MARINEFISH_PART4_intersection
Chaenophryne draco,MARINEFISH_PART4_intersection
Haplophryne mollis,MARINEFISH_PART4_intersection
Rondeletia loricata,MARINEFISH_PART4_intersection
Bassozetus nielseni,MARINEFISH_PART4_intersection
Diceratias pileatus,MARINEFISH_PART4_intersection
Cyclothone livida,MARINEFISH_PART4_intersection
Ophisurus serpens,MARINEFISH_PART4_intersection
Myxine glutinosa,MARINEFISH_PART4_intersection
Capros aper,MARINEFISH_PART4_intersection
Beryx decadactylus,MARINEFISH_PART4_intersection
Scartella cristata,MARINEFISH_PART4_intersection
Symphurus nigrescens,MARINEFISH_PART4_intersection
Parablennius pilicornis,MARINEFISH_PART4_intersection
Beryx splendens,MARINEFISH_PART4_intersection
Grammatostomias dentatus,MARINEFISH_PART4_intersection
Alosa alosa,MARINEFISH_PART4_intersection
Squatina squatina,MARINEFISH_PART4_intersection
Dipturus oxyrinchus,MARINEFISH_PART4_intersection
Hydrolagus mirabilis,MARINEFISH_PART4_intersection
Hydrolagus affinis,MARINEFISH_PART4_intersection
Etmopterus pusillus,MARINEFISH_PART4_intersection
Leucoraja naevus,MARINEFISH_PART4_intersection
Scymnodon ringens,MARINEFISH_PART4_intersection
Diplodus sargus,MARINEFISH_PART4_intersection
Oblada melanura,MARINEFISH_PART4_intersection
Dentex dentex,MARINEFISH_PART4_intersection
Boops boops,MARINEFISH_PART4_intersection
Spicara maena,MARINEFISH_PART4_intersection
Parablennius ruber,MARINEFISH_PART4_intersection
Lipophrys pholis,MARINEFISH_PART4_intersection
Parablennius sanguinolentus,MARINEFISH_PART4_intersection
Labrus viridis,MARINEFISH_PART4_intersection
Xyrichtys novacula,MARINEFISH_PART4_intersection
Symphodus cinereus,MARINEFISH_PART4_intersection
Muraena helena,MARINEFISH_PART4_intersection
Trachinotus ovatus,MARINEFISH_PART4_intersection
Venefica proboscidea,MARINEFISH_PART4_intersection
Fistularia petimba,MARINEFISH_PART4_intersection
Squalus acanthias,MARINEFISH_PART4_intersection
Raja montagui,MARINEFISH_PART4_intersection
Torpedo marmorata,MARINEFISH_PART4_intersection
Scyliorhinus stellaris,MARINEFISH_PART4_intersection
Myliobatis aquila,MARINEFISH_PART4_intersection
Bathytoshia lata,MARINEFISH_PART4_intersection
Deania profundorum,MARINEFISH_PART4_intersection
Somniosus microcephalus,MARINEFISH_PART4_intersection
Cetorhinus maximus,MARINEFISH_PART5_intersection
Lamna nasus,MARINEFISH_PART5_intersection
Malacosteus niger,MARINEFISH_PART5_intersection
Lophodolos acanthognathus,MARINEFISH_PART5_intersection
Nemichthys scolopaceus,MARINEFISH_PART5_intersection
Cyclothone alba,MARINEFISH_PART5_intersection
Serrivomer beanii,MARINEFISH_PART5_intersection
Zu cristatus,MARINEFISH_PART5_intersection
Spiniphryne gladisfenae,MARINEFISH_PART5_intersection
Paralepis coregonoides,MARINEFISH_PART5_intersection
Electrona risso,MARINEFISH_PART5_intersection
Notoscopelus bolini,MARINEFISH_PART5_intersection
Vinciguerria attenuata,MARINEFISH_PART5_intersection
Lampanyctus intricarius,MARINEFISH_PART5_intersection
Nannobrachium atrum,MARINEFISH_PART5_intersection
Protomyctophum arcticum,MARINEFISH_PART5_intersection
Eurypharynx pelecanoides,MARINEFISH_PART5_intersection
Cyclothone pallida,MARINEFISH_PART5_intersection
Valenciennellus tripunctulatus,MARINEFISH_PART5_intersection
Leptostomias gladiator,MARINEFISH_PART5_intersection
Rhadinesthes decimus,MARINEFISH_PART5_intersection
Barathrites iris,MARINEFISH_PART5_intersection
Lampadena atlantica,MARINEFISH_PART5_intersection
Mobula mobular,MARINEFISH_PART5_intersection
Lampanyctus gemmifer,MARINEFISH_PART5_intersection
Phtheirichthys lineatus,MARINEFISH_PART5_intersection
Trachurus mediterraneus,MARINEFISH_PART5_intersection
Dalatias licha,MARINEFISH_PART5_intersection
Sphyrna lewini,MARINEFISH_PART5_intersection
Carcharhinus galapagensis,MARINEFISH_PART5_intersection
Centroscymnus coelolepis,MARINEFISH_PART5_intersection
Chaunax pictus,MARINEFISH_PART5_intersection
Mola mola,MARINEFISH_PART5_intersection
Hoplostethus mediterraneus,MARINEFISH_PART5_intersection
Callanthias ruber,MARINEFISH_PART5_intersection
Lepidorhombus boscii,MARINEFISH_PART5_intersection
Benthalbella infans,MARINEFISH_PART5_intersection
Melanostomias tentaculatus,MARINEFISH_PART5_intersection
Carcharhinus obscurus,MARINEFISH_PART5_intersection
Mitsukurina owstoni,MARINEFISH_PART5_intersection
Rostroraja alba,MARINEFISH_PART5_intersection
Etmopterus spinax,MARINEFISH_PART5_intersection
Raja brachyura,MARINEFISH_PART5_intersection
Galeus murinus,MARINEFISH_PART5_intersection
Spondyliosoma cantharus,MARINEFISH_PART5_intersection
Salaria pavo,MARINEFISH_PART5_intersection
Symphodus bailloni,MARINEFISH_PART5_intersection
Ctenolabrus rupestris,MARINEFISH_PART5_intersection
Symphodus tinca,MARINEFISH_PART5_intersection
Naucrates ductor,MARINEFISH_PART5_intersection
Facciolella oxyrhyncha,MARINEFISH_PART5_intersection
Dicentrarchus punctatus,MARINEFISH_PART5_intersection
Sphyraena viridensis,MARINEFISH_PART5_intersection
Nerophis ophidion,MARINEFISH_PART5_intersection
Entelurus aequoreus,MARINEFISH_PART5_intersection
Hexanchus nakamurai,MARINEFISH_PART5_intersection
Acipenser sturio,MARINEFISH_PART5_intersection
Raja clavata,MARINEFISH_PART5_intersection
Oxynotus centrina,MARINEFISH_PART5_intersection
Dicentrarchus labrax,MARINEFISH_PART5_intersection
Taeniurops grabatus,MARINEFISH_PART5_intersection
Tetronarce nobiliana,MARINEFISH_PART5_intersection
Platichthys flesus,MARINEFISH_PART5_intersection
Parablennius incognitus,MARINEFISH_PART5_intersection
Ijimaia loppei,MARINEFISH_PART5_intersection
Carcharhinus falciformis,MARINEFISH_PART6_intersection
Mobula tarapacana,MARINEFISH_PART6_intersection
Alepisaurus ferox,MARINEFISH_PART6_intersection
Chaenophryne longiceps,MARINEFISH_PART6_intersection
Scomber scombrus,MARINEFISH_PART6_intersection
Cryptopsaras couesii,MARINEFISH_PART6_intersection
Eustomias achirus,MARINEFISH_PART6_intersection
Argyropelecus affinis,MARINEFISH_PART6_intersection
Diretmichthys parini,MARINEFISH_PART6_intersection
Scopelarchus analis,MARINEFISH_PART6_intersection
Acanthochaenus luetkenii,MARINEFISH_PART6_intersection
Regalecus glesne,MARINEFISH_PART6_intersection
Myctophum punctatum,MARINEFISH_PART6_intersection
Lampris guttatus,MARINEFISH_PART6_intersection
Stomias boa,MARINEFISH_PART6_intersection
Gonichthys cocco,MARINEFISH_PART6_intersection
Vinciguerria poweriae,MARINEFISH_PART6_intersection
Ahliesaurus berryi,MARINEFISH_PART6_intersection
Anoplogaster cornuta,MARINEFISH_PART6_intersection
Himantolophus groenlandicus,MARINEFISH_PART6_intersection
Neoscopelus microchir,MARINEFISH_PART6_intersection
Brotulotaenia brevicauda,MARINEFISH_PART6_intersection
Saccopharynx ampullaceus,MARINEFISH_PART6_intersection
Cyclothone pseudopallida,MARINEFISH_PART6_intersection
Vinciguerria nimbaria,MARINEFISH_PART6_intersection
Eustomias filifer,MARINEFISH_PART6_intersection
Melanostomias bartonbeani,MARINEFISH_PART6_intersection
Stomias brevibarbatus,MARINEFISH_PART6_intersection
Aristostomias lunifer,MARINEFISH_PART6_intersection
Cyclothone pseudoacclinidens,MARINEFISH_PART6_intersection
Maurolicus amethystinopunctatus,MARINEFISH_PART6_intersection
Parabrotula plagiophthalma,MARINEFISH_PART6_intersection
Scopelogadus mizolepis,MARINEFISH_PART6_intersection
Melamphaes microps,MARINEFISH_PART6_intersection
Danaphryne nigrifilis,MARINEFISH_PART6_intersection
Bathypterois dubius,MARINEFISH_PART6_intersection
Bathysaurus mollis,MARINEFISH_PART6_intersection
Sphyrna mokarran,MARINEFISH_PART6_intersection
Pseudotriakis microdon,MARINEFISH_PART6_intersection
Trachurus picturatus,MARINEFISH_PART6_intersection
Lepidorhombus whiffiagonis,MARINEFISH_PART6_intersection
Barbourisia rufa,MARINEFISH_PART6_intersection
Photonectes margarita,MARINEFISH_PART6_intersection
Mycteroperca marginata,MARINEFISH_PART6_intersection
Pagrus pagrus,MARINEFISH_PART6_intersection
Chlamydoselachus anguineus,MARINEFISH_PART6_intersection
Echinorhinus brucus,MARINEFISH_PART6_intersection
Heptranchias perlo,MARINEFISH_PART6_intersection
Odontaspis ferox,MARINEFISH_PART6_intersection
Zameus squamulosus,MARINEFISH_PART6_intersection
Diplodus cervinus,MARINEFISH_PART6_intersection
Buglossidium luteum,MARINEFISH_PART6_intersection
Leucoraja circularis,MARINEFISH_PART6_intersection
Rajella kukujevi,MARINEFISH_PART6_intersection
Dentex maroccanus,MARINEFISH_PART6_intersection
Pagellus erythrinus,MARINEFISH_PART6_intersection
Pagellus acarne,MARINEFISH_PART6_intersection
Sparus aurata,MARINEFISH_PART6_intersection
Tripterygion delaisi,MARINEFISH_PART6_intersection
Labrus mixtus,MARINEFISH_PART6_intersection
Symphodus mediterraneus,MARINEFISH_PART6_intersection
Labrus merula,MARINEFISH_PART6_intersection
Coris julis,MARINEFISH_PART6_intersection
Nettastoma melanurum,MARINEFISH_PART6_intersection
Canthidermis maculata,MARINEFISH_PART6_intersection
Diodon hystrix,MARINEFISH_PART6_intersection
Balistes capriscus,MARINEFISH_PART6_intersection
Conger conger,MARINEFISH_PART6_intersection
Sardina pilchardus,MARINEFISH_PART6_intersection
Lophius piscatorius,MARINEFISH_PART6_intersection
Campogramma glaycos,MARINEFISH_PART6_intersection
Argyrosomus regius,MARINEFISH_PART6_intersection
Arnoglossus laterna,MARINEFISH_PART6_intersection
Microchirus variegatus,MARINEFISH_PART6_intersection
Syngnathus acus,MARINEFISH_PART6_intersection
Pisodonophis semicinctus,MARINEFISH_PART6_intersection
Centrophorus granulosus,MARINEFISH_PART6_intersection
Mustelus asterias,MARINEFISH_PART6_intersection
Rhinobatos rhinobatos,MARINEFISH_PART6_intersection
Galeus atlanticus,MARINEFISH_PART6_intersection
Raja undulata,MARINEFISH_PART6_intersection
Morone saxatilis,MARINEFISH_PART6_intersection
Diodon eydouxii,MARINEFISH_PART6_intersection
Sciadonus pedicellaris,MARINEFISH_PART6_intersection
Ranzania laevis,PUFFERFISHES_AND_RELATIVES_intersection2
Masturus lanceolatus,PUFFERFISHES_AND_RELATIVES_intersection2
Lagocephalus lagocephalus,PUFFERFISHES_AND_RELATIVES_intersection2
Mola mola,PUFFERFISHES_AND_RELATIVES_intersection2
Aluterus scriptus,PUFFERFISHES_AND_RELATIVES_intersection2
Sphoeroides pachygaster,PUFFERFISHES_AND_RELATIVES_intersection2
Canthidermis maculata,PUFFERFISHES_AND_RELATIVES_intersection2
Diodon hystrix,PUFFERFISHES_AND_RELATIVES_intersection2
Balistes capriscus,PUFFERFISHES_AND_RELATIVES_intersection2
Aluterus monoceros,PUFFERFISHES_AND_RELATIVES_intersection2
Diodon eydouxii,PUFFERFISHES_AND_RELATIVES_intersection2
Lepidochelys kempii,REPTILES_PART1_intersection2
Eretmochelys imbricata,REPTILES_PART1_intersection2
Chelonia mydas,REPTILES_PART1_intersection2
Caretta caretta,REPTILES_PART1_intersection2
Dermochelys coriacea,REPTILES_PART1_intersection2
Zostera marina,SEAGRASSES_intersection2
Zostera noltii,SEAGRASSES_intersection2
Carcharodon carcharias,SHARKS_RAYS_CHIMAERAS_intersection
Cetorhinus maximus,SHARKS_RAYS_CHIMAERAS_intersection
Lamna nasus,SHARKS_RAYS_CHIMAERAS_intersection
Isurus oxyrinchus,SHARKS_RAYS_CHIMAERAS_intersection
Carcharhinus falciformis,SHARKS_RAYS_CHIMAERAS_intersection
Carcharhinus longimanus,SHARKS_RAYS_CHIMAERAS_intersection
Prionace glauca,SHARKS_RAYS_CHIMAERAS_intersection
Mobula tarapacana,SHARKS_RAYS_CHIMAERAS_intersection
Isurus paucus,SHARKS_RAYS_CHIMAERAS_intersection
Alopias superciliosus,SHARKS_RAYS_CHIMAERAS_intersection
Mobula mobular,SHARKS_RAYS_CHIMAERAS_intersection
Centrophorus squamosus,SHARKS_RAYS_CHIMAERAS_intersection
Etmopterus princeps,SHARKS_RAYS_CHIMAERAS_intersection
Centroscyllium fabricii,SHARKS_RAYS_CHIMAERAS_intersection
Dalatias licha,SHARKS_RAYS_CHIMAERAS_intersection
Sphyrna lewini,SHARKS_RAYS_CHIMAERAS_intersection
Sphyrna mokarran,SHARKS_RAYS_CHIMAERAS_intersection
Rajella bigelowi,SHARKS_RAYS_CHIMAERAS_intersection
Alopias vulpinus,SHARKS_RAYS_CHIMAERAS_intersection
Sphyrna zygaena,SHARKS_RAYS_CHIMAERAS_intersection
Carcharhinus galapagensis,SHARKS_RAYS_CHIMAERAS_intersection
Centroscymnus coelolepis,SHARKS_RAYS_CHIMAERAS_intersection
Pseudotriakis microdon,SHARKS_RAYS_CHIMAERAS_intersection
Centroselachus crepidater,SHARKS_RAYS_CHIMAERAS_intersection
Neoraja iberica,SHARKS_RAYS_CHIMAERAS_intersection
Somniosus rostratus,SHARKS_RAYS_CHIMAERAS_intersection
Carcharhinus obscurus,SHARKS_RAYS_CHIMAERAS_intersection
Hexanchus griseus,SHARKS_RAYS_CHIMAERAS_intersection
Squatina squatina,SHARKS_RAYS_CHIMAERAS_intersection
Raja microocellata,SHARKS_RAYS_CHIMAERAS_intersection
Chlamydoselachus anguineus,SHARKS_RAYS_CHIMAERAS_intersection
Deania calceus,SHARKS_RAYS_CHIMAERAS_intersection
Echinorhinus brucus,SHARKS_RAYS_CHIMAERAS_intersection
Heptranchias perlo,SHARKS_RAYS_CHIMAERAS_intersection
Odontaspis ferox,SHARKS_RAYS_CHIMAERAS_intersection
Mitsukurina owstoni,SHARKS_RAYS_CHIMAERAS_intersection
Zameus squamulosus,SHARKS_RAYS_CHIMAERAS_intersection
Rostroraja alba,SHARKS_RAYS_CHIMAERAS_intersection
Dipturus oxyrinchus,SHARKS_RAYS_CHIMAERAS_intersection
Hydrolagus pallidus,SHARKS_RAYS_CHIMAERAS_intersection
Hydrolagus mirabilis,SHARKS_RAYS_CHIMAERAS_intersection
Chimaera monstrosa,SHARKS_RAYS_CHIMAERAS_intersection
Hydrolagus affinis,SHARKS_RAYS_CHIMAERAS_intersection
Oxynotus paradoxus,SHARKS_RAYS_CHIMAERAS_intersection
Etmopterus spinax,SHARKS_RAYS_CHIMAERAS_intersection
Galeus melastomus,SHARKS_RAYS_CHIMAERAS_intersection
Etmopterus pusillus,SHARKS_RAYS_CHIMAERAS_intersection
Leucoraja fullonica,SHARKS_RAYS_CHIMAERAS_intersection
Leucoraja circularis,SHARKS_RAYS_CHIMAERAS_intersection
Rajella kukujevi,SHARKS_RAYS_CHIMAERAS_intersection
Leucoraja naevus,SHARKS_RAYS_CHIMAERAS_intersection
Raja brachyura,SHARKS_RAYS_CHIMAERAS_intersection
Galeus murinus,SHARKS_RAYS_CHIMAERAS_intersection
Scymnodon ringens,SHARKS_RAYS_CHIMAERAS_intersection
Dipturus nidarosiensis,SHARKS_RAYS_CHIMAERAS_intersection
Chimaera opalescens,SHARKS_RAYS_CHIMAERAS_intersection
Squalus acanthias,SHARKS_RAYS_CHIMAERAS_intersection
Hexanchus nakamurai,SHARKS_RAYS_CHIMAERAS_intersection
Centrophorus granulosus,SHARKS_RAYS_CHIMAERAS_intersection
Carcharhinus plumbeus,SHARKS_RAYS_CHIMAERAS_intersection
Galeorhinus galeus,SHARKS_RAYS_CHIMAERAS_intersection
Mustelus asterias,SHARKS_RAYS_CHIMAERAS_intersection
Raja clavata,SHARKS_RAYS_CHIMAERAS_intersection
Aetomylaeus bovinus,SHARKS_RAYS_CHIMAERAS_intersection
Rhinobatos rhinobatos,SHARKS_RAYS_CHIMAERAS_intersection
Oxynotus centrina,SHARKS_RAYS_CHIMAERAS_intersection
Raja montagui,SHARKS_RAYS_CHIMAERAS_intersection
Galeus atlanticus,SHARKS_RAYS_CHIMAERAS_intersection
Gymnura altavela,SHARKS_RAYS_CHIMAERAS_intersection
Torpedo marmorata,SHARKS_RAYS_CHIMAERAS_intersection
Torpedo torpedo,SHARKS_RAYS_CHIMAERAS_intersection
Raja undulata,SHARKS_RAYS_CHIMAERAS_intersection
Dasyatis pastinaca,SHARKS_RAYS_CHIMAERAS_intersection
Scyliorhinus stellaris,SHARKS_RAYS_CHIMAERAS_intersection
Taeniurops grabatus,SHARKS_RAYS_CHIMAERAS_intersection
Myliobatis aquila,SHARKS_RAYS_CHIMAERAS_intersection
Bathytoshia lata,SHARKS_RAYS_CHIMAERAS_intersection
Tetronarce nobiliana,SHARKS_RAYS_CHIMAERAS_intersection
Squalus margaretsmithae,SHARKS_RAYS_CHIMAERAS_intersection
Raja miraletus,SHARKS_RAYS_CHIMAERAS_intersection
Scyliorhinus canicula,SHARKS_RAYS_CHIMAERAS_intersection
Deania profundorum,SHARKS_RAYS_CHIMAERAS_intersection
Rhinochimaera atlantica,SHARKS_RAYS_CHIMAERAS_intersection
Somniosus microcephalus,SHARKS_RAYS_CHIMAERAS_intersection
Acipenser sturio,STURGEONS_PADDLEFISHES_intersection2
Macroramphosus scolopax,SYNGNATHIFORM_FISHES_intersection2
Syngnathus rostellatus,SYNGNATHIFORM_FISHES_intersection2
Nerophis ophidion,SYNGNATHIFORM_FISHES_intersection2
Syngnathus acus,SYNGNATHIFORM_FISHES_intersection2
Syngnathus typhle,SYNGNATHIFORM_FISHES_intersection2
Fistularia petimba,SYNGNATHIFORM_FISHES_intersection2
Entelurus aequoreus,SYNGNATHIFORM_FISHES_intersection2
Nerophis lumbriciformis,SYNGNATHIFORM_FISHES_intersection2
Syngnathus abaster,SYNGNATHIFORM_FISHES_intersection2
Thunnus alalunga,TUNAS_BILLFISHES_SWORDFISH_intersection2
Thunnus obesus,TUNAS_BILLFISHES_SWORDFISH_intersection2
Thunnus thynnus,TUNAS_BILLFISHES_SWORDFISH_intersection2
Xiphias gladius,TUNAS_BILLFISHES_SWORDFISH_intersection2
Tetrapturus pfluegeri,TUNAS_BILLFISHES_SWORDFISH_intersection2
Katsuwonus pelamis,TUNAS_BILLFISHES_SWORDFISH_intersection2
Makaira nigricans,TUNAS_BILLFISHES_SWORDFISH_intersection2
Kajikia albida,TUNAS_BILLFISHES_SWORDFISH_intersection2
Istiophorus platypterus,TUNAS_BILLFISHES_SWORDFISH_intersection2
Euthynnus alletteratus,TUNAS_BILLFISHES_SWORDFISH_intersection2
Scomber scombrus,TUNAS_BILLFISHES_SWORDFISH_intersection2
Sarda sarda,TUNAS_BILLFISHES_SWORDFISH_intersection2
Auxis thazard,TUNAS_BILLFISHES_SWORDFISH_intersection2
Auxis rochei,TUNAS_BILLFISHES_SWORDFISH_intersection2
Scomber colias,TUNAS_BILLFISHES_SWORDFISH_intersection2
Acantholabrus palloni,WRASSES_PARROTFISHES_intersection2
Labrus mixtus,WRASSES_PARROTFISHES_intersection2
Labrus bergylta,WRASSES_PARROTFISHES_intersection2
Symphodus mediterraneus,WRASSES_PARROTFISHES_intersection2
Symphodus bailloni,WRASSES_PARROTFISHES_intersection2
Labrus merula,WRASSES_PARROTFISHES_intersection2
Symphodus roissali,WRASSES_PARROTFISHES_intersection2
Labrus viridis,WRASSES_PARROTFISHES_intersection2
Xyrichtys novacula,WRASSES_PARROTFISHES_intersection2
Symphodus cinereus,WRASSES_PARROTFISHES_intersection2
Symphodus melops,WRASSES_PARROTFISHES_intersection2
Ctenolabrus rupestris,WRASSES_PARROTFISHES_intersection2
Coris julis,WRASSES_PARROTFISHES_intersection2
Centrolabrus exoletus,WRASSES_PARROTFISHES_intersection2
Symphodus tinca,WRASSES_PARROTFISHES_intersection2
Sparisoma cretense,WRASSES_PARROTFISHES_intersection2
Thalassoma pavo,WRASSES_PARROTFISHES_intersection2
