FAOcode_clean,total_weight,total_value,total_catch,scientificname,commonname,status,in_pesca,in_ices,in_ram
hke,495593.8051809997,1949460289.66,101875.85000000002,NA,NA,NA,TRUE,TRUE,FALSE
hom,490258.67483,401911268.24200016,208190.53000000003,NA,NA,NA,TRUE,TRUE,FALSE
whb,316303.84189000004,252419523.20000002,348206.0199999999,NA,NA,NA,TRUE,TRUE,FALSE
mac,214732.97131000005,160897924.094,381920.97000000015,NA,NA,NA,TRUE,TRUE,FALSE
pil,204602.72367,194108115.44800004,283361.09,NA,NA,NA,TRUE,TRUE,FALSE
mas,187998.92576999997,112022584.38000001,NA,NA,NA,NA,TRUE,FALSE,FALSE
lez,138968.26338,588662745.5769995,14858.040000000003,NA,NA,NA,TRUE,TRUE,FALSE
ank,115668.671255,625450745.033,1067.4200000000003,NA,NA,NA,TRUE,TRUE,FALSE
vma,93625.11481,39372483.004999995,222493.03,NA,NA,NA,TRUE,TRUE,FALSE
poa,89399.49033999999,170881739.055,37373,NA,NA,NA,TRUE,TRUE,FALSE
bog,80357.98766,36042089.751,96104.66999999998,NA,NA,NA,TRUE,TRUE,FALSE
coc,58109.619797999985,278461532.48999995,35490.229999999996,NA,NA,NA,TRUE,TRUE,FALSE
tdq,53280.41704,84346707.14600001,2160.0400000000004,NA,NA,NA,TRUE,TRUE,FALSE
coe,51350.503150000004,94431720.817,33098.20999999999,NA,NA,NA,TRUE,TRUE,FALSE
occ,48260.819649999976,287229177.1930002,36371.32,NA,NA,NA,TRUE,TRUE,FALSE
alb,47256.46411,175942046.39000005,69245.37000000001,NA,NA,NA,TRUE,TRUE,FALSE
clj,41123.535058999994,337273125.892,1518.09,NA,NA,NA,TRUE,TRUE,FALSE
bsh,36610.69035999999,53385861.614999995,14124.859999999995,NA,NA,NA,TRUE,TRUE,FALSE
ska,32732.728497999986,60953301.47399996,11728.33,NA,NA,NA,TRUE,TRUE,FALSE
sqi,28612.559240000006,47430159.92900001,37923.54,NA,NA,NA,TRUE,TRUE,FALSE
wit,27746.976150000002,80728635.80000001,14.06,NA,NA,NA,TRUE,TRUE,FALSE
lem,26832.35444,72233950.85000001,7472.549999999999,NA,NA,NA,TRUE,TRUE,FALSE
ane,26773.60363,42924414.16099999,279145.74,NA,NA,NA,TRUE,TRUE,FALSE
bib,24886.14781600002,47429839.21299994,21819.950000000004,NA,NA,NA,TRUE,TRUE,FALSE
mon,24599.507440000005,130398564.08199996,4137,NA,NA,NA,TRUE,TRUE,FALSE
eoi,21781.940609999998,25533498.085,3799.08,NA,NA,NA,TRUE,TRUE,FALSE
cts,19105.160795,261617213.9760001,12150.6,NA,NA,NA,TRUE,TRUE,FALSE
brf,18954.020953999996,66397112.70099998,4946.030000000001,NA,NA,NA,TRUE,TRUE,FALSE
swo,18107.046670000003,113523119.52000001,3824.11,NA,NA,NA,TRUE,TRUE,FALSE
jod,17928.72371999999,100780112.3939999,6347.87,NA,NA,NA,TRUE,TRUE,FALSE
gfb,13832.737700000003,42529998.17499999,2559.8599999999997,NA,NA,NA,TRUE,TRUE,FALSE
urm,12975.485700000001,59195352.92200001,6112.500000000001,NA,NA,NA,TRUE,TRUE,FALSE
lin,12500.892839999999,22993686.740000002,85.15,NA,NA,NA,TRUE,TRUE,FALSE
ctg,11414.378293000005,267575709.69700003,6519.959999999999,NA,NA,NA,TRUE,TRUE,FALSE
ctc,10618.871991,58178616.5009999,20505.76,NA,NA,NA,TRUE,TRUE,FALSE
mzz,9840.751660000004,16654379.219999986,8602.47,NA,NA,NA,TRUE,TRUE,FALSE
vnr,9362.184993,77817325.15199986,3794.1099999999997,NA,NA,NA,TRUE,TRUE,FALSE
nep,9348.69138,122316052.66,1844.77,NA,NA,NA,TRUE,TRUE,FALSE
gux,9094.918840000004,16088538.980000002,7515.250000000001,NA,NA,NA,TRUE,TRUE,FALSE
for,8767.5677,24696983.141000006,1053.3999999999999,NA,NA,NA,TRUE,TRUE,FALSE
swa,8038.711092000006,43720619.71299995,10495.53,NA,NA,NA,TRUE,TRUE,FALSE
pcb,6887.634305999998,193956501.97699994,2811.07,NA,NA,NA,TRUE,TRUE,FALSE
dsx,6566.484829999999,12115140.99199999,1349.1699999999998,NA,NA,NA,TRUE,TRUE,FALSE
pol,6382.226750000002,37037149.248999976,5079.43,NA,NA,NA,TRUE,TRUE,FALSE
slm,6043.4021,2994862.891,7787,NA,NA,NA,TRUE,TRUE,FALSE
syc,5979.72803,3646320.466000001,7327.789999999998,NA,NA,NA,TRUE,TRUE,FALSE
ggd,5977.832835000002,17868932.43399997,48.660000000000004,NA,NA,NA,TRUE,TRUE,FALSE
jaa,5473.511659999999,2842150.4999999995,294.95,NA,NA,NA,TRUE,TRUE,FALSE
sqr,5446.152440000001,34309772.497999996,2749.13,NA,NA,NA,TRUE,TRUE,FALSE
bss,5346.542749999999,69323463.73099987,6024.219999999998,NA,NA,NA,TRUE,TRUE,FALSE
usb,5251.712418,12522012.033000004,2504.19,NA,NA,NA,TRUE,TRUE,FALSE
sba,5244.534743,18220151.85699999,3748.7100000000005,NA,NA,NA,TRUE,TRUE,FALSE
scr,5218.208720000001,54093991.3299999,4992.829999999999,NA,NA,NA,TRUE,TRUE,FALSE
cbr,5031.06785,14964038.64899999,2016.1600000000003,NA,NA,NA,TRUE,TRUE,FALSE
qsc,4770.996379999999,11710874.255,1908.6299999999997,NA,NA,NA,TRUE,TRUE,FALSE
bon,4642.07908,10519358.654000001,9273.990000000002,NA,NA,NA,TRUE,TRUE,FALSE
brb,3899.741355000001,6020367.560000002,6026.299999999999,NA,NA,NA,TRUE,TRUE,FALSE
eqk,3765.79037,40446122.07000001,2549.22,NA,NA,NA,TRUE,TRUE,FALSE
sol,3429.05406,52021090.22099993,2224.4300000000003,NA,NA,NA,TRUE,TRUE,FALSE
wrf,3319.2730800000004,44942319.45999999,497.25,NA,NA,NA,TRUE,TRUE,FALSE
por,3302.05853,12876830.26,355.65999999999997,NA,NA,NA,TRUE,TRUE,FALSE
eqe,3296.24928,31447337.65999999,2339.41,NA,NA,NA,TRUE,TRUE,FALSE
hk0,3131.4619899999993,11884555.963000014,NA,NA,NA,NA,TRUE,FALSE,FALSE
bbs,2914.0331400000005,9017536.530000001,334.84999999999997,NA,NA,NA,TRUE,TRUE,FALSE
blt,2895.5377100000005,3206726.59,1559.07,NA,NA,NA,TRUE,TRUE,FALSE
rjn,2790.40837,6041935.5,468.7200000000001,NA,NA,NA,TRUE,TRUE,FALSE
rjc,2787.709049999999,6000252.774000002,6431.13,NA,NA,NA,TRUE,TRUE,FALSE
sau,2751.867179999999,2132424.675,12920.66,NA,NA,NA,TRUE,TRUE,FALSE
had,2703.3939299999997,3849629.31,8.269999999999998,NA,NA,NA,TRUE,TRUE,FALSE
sbr,2699.29924,36484439.210999995,2273.11,NA,NA,NA,TRUE,TRUE,FALSE
sma,2653.22641,12790262.475,613.33,NA,NA,NA,TRUE,TRUE,FALSE
gag,2354.50867,2639669.765,1905.37,NA,NA,NA,TRUE,TRUE,FALSE
lio,2300.1453500000002,38331214.951,1124.21,NA,NA,NA,TRUE,TRUE,FALSE
sce,2268.5550799999996,9935554.2,1652.48,NA,NA,NA,TRUE,TRUE,FALSE
mur,2250.9603500000003,21768523.284999996,3129.609999999999,NA,NA,NA,TRUE,TRUE,FALSE
rse,2235.4029199999995,11616321.504000008,988.74,NA,NA,NA,TRUE,TRUE,FALSE
lta,2188.1046,3876704.9400000004,1202.8000000000002,NA,NA,NA,TRUE,TRUE,FALSE
bxd,2174.45424,18730027.24,541.0100000000001,NA,NA,NA,TRUE,TRUE,FALSE
udp,2118.39813,1760427.4539999997,1780.18,NA,NA,NA,TRUE,TRUE,FALSE
guy,2077.837580000001,5175578.609000005,590.7600000000001,NA,NA,NA,TRUE,TRUE,FALSE
jdv,2055.1408950000023,19286904.84599998,NA,NA,NA,NA,TRUE,FALSE,FALSE
msm,1977.9916799999999,1801326.3,940.38,NA,NA,NA,TRUE,TRUE,FALSE
hkm,1884.5928,3327201.7,NA,NA,NA,NA,TRUE,FALSE,FALSE
bli,1758.9695000000002,3784014.4099999997,571.07,NA,NA,NA,TRUE,TRUE,FALSE
cpr,1541.3880200000003,45238384.30500001,1263.4299999999998,NA,NA,NA,TRUE,TRUE,FALSE
cod,1529.25679,3611008.54,8.790000000000001,NA,NA,NA,TRUE,TRUE,FALSE
vev,1493.673365,8031356.544000008,731.1799999999998,NA,NA,NA,TRUE,TRUE,FALSE
bet,1421.10364,7782944.340000002,4861.52,NA,NA,NA,TRUE,TRUE,FALSE
san,1420.49689,1101511.1800000002,2369.2199999999993,NA,NA,NA,TRUE,TRUE,FALSE
gar,1415.6345949999998,1661973.7530000005,2087.0899999999997,NA,NA,NA,TRUE,TRUE,FALSE
ulo,1320.5060899999985,6990931.143,1176.44,NA,NA,NA,TRUE,TRUE,FALSE
laz,1293.10469,645638.7100000001,427.78000000000003,NA,NA,NA,TRUE,TRUE,FALSE
tur,1201.0887000000007,21838197.341,772.9499999999998,NA,NA,NA,TRUE,TRUE,FALSE
oyg,1172.4843999999998,1229950.901,570.4399999999999,NA,NA,NA,TRUE,TRUE,FALSE
oyf,1136.149218,4291757.032000001,892.1499999999999,NA,NA,NA,TRUE,TRUE,FALSE
lec,1050.7208,2560009.17,137.34,NA,NA,NA,TRUE,TRUE,FALSE
sqm,1042.96185,2074591.5330000003,2058.04,NA,NA,NA,TRUE,TRUE,FALSE
sos,1010.6340880000001,5842567.237000007,191.10999999999999,NA,NA,NA,TRUE,TRUE,FALSE
skj,1006.5453300000001,2116589.318,1959.0600000000004,NA,NA,NA,TRUE,TRUE,FALSE
sil,1003.4469100000001,1097572.5700000003,1091.27,NA,NA,NA,TRUE,TRUE,FALSE
eqi,987.5523899999998,8461839.216,431.86999999999995,NA,NA,NA,TRUE,TRUE,FALSE
etx,968.37634,3526445.2600000002,124.65,NA,NA,NA,TRUE,TRUE,FALSE
hmm,949.72595,2125407.843,3979.8300000000004,NA,NA,NA,TRUE,TRUE,FALSE
fle,889.4232100000002,2799240.1559999995,262.82,NA,NA,NA,TRUE,TRUE,FALSE
qub,887.6882,4422516.9399999995,1497.9699999999998,NA,NA,NA,TRUE,TRUE,FALSE
ctr,852.9100000000001,3507625.427000002,NA,NA,NA,NA,TRUE,FALSE,FALSE
oil,831.8798499999999,2129722.4,5.3500000000000005,NA,NA,NA,TRUE,TRUE,FALSE
bys,814.1850699999999,4293188.640000001,217.16000000000003,NA,NA,NA,TRUE,TRUE,FALSE
dgs,790.40065,2855571.09,104.38999999999999,NA,NA,NA,TRUE,TRUE,FALSE
mut,764.7490100000001,5998722.841000001,819.3300000000002,NA,NA,NA,TRUE,TRUE,FALSE
jcr,737.93712,1321150.1600000001,524.8,NA,NA,NA,TRUE,TRUE,FALSE
sbg,693.8561,6450496.102,2100.8800000000006,NA,NA,NA,TRUE,TRUE,FALSE
elx,679.4848890000001,9439724.731,NA,NA,NA,NA,TRUE,FALSE,FALSE
dec,634.3593999999998,1772797.7950000002,249.25000000000003,NA,NA,NA,TRUE,TRUE,FALSE
lht,631.6039699999999,1351599.76,748.7900000000001,NA,NA,NA,TRUE,TRUE,FALSE
meg,607.62484,3174690.1199999996,313.69999999999993,NA,NA,NA,TRUE,TRUE,FALSE
mul,603.7480699999999,371217.25,1815.1100000000004,NA,NA,NA,TRUE,TRUE,FALSE
whg,592.36869,971532.5,11.99,NA,NA,NA,TRUE,TRUE,FALSE
swg,574.075835,500121.0900000001,116.51,NA,NA,NA,TRUE,TRUE,FALSE
cou,570.1295299999999,2832007.114000001,44.260000000000005,NA,NA,NA,TRUE,TRUE,FALSE
pok,563.9430099999998,891238.6299999999,1.61,NA,NA,NA,TRUE,TRUE,FALSE
pac,543.902235,1553476.1219999997,2995.6099999999997,NA,NA,NA,TRUE,TRUE,FALSE
bll,540.3936600000003,7336252.936000007,397.64,NA,NA,NA,TRUE,TRUE,FALSE
sfs,535.0879,803679.9399999998,4336.8499999999995,NA,NA,NA,TRUE,TRUE,FALSE
tus,508.09569999999997,2631055.65,0.02,NA,NA,NA,TRUE,TRUE,FALSE
gkl,473.5987999999999,399431.00999999995,14.66,NA,NA,NA,TRUE,TRUE,FALSE
rjm,449.61283000000003,984648.4050000003,605.3200000000002,NA,NA,NA,TRUE,TRUE,FALSE
usi,443.6367899999999,2250973.297,77.15,NA,NA,NA,TRUE,TRUE,FALSE
hlz,426.39198999999996,221128.19999999995,255.71,NA,NA,NA,TRUE,TRUE,FALSE
rae,378.74199,2021132.672,632.94,NA,NA,NA,TRUE,TRUE,FALSE
cre,370.53785,2556180.5239999997,375.4,NA,NA,NA,TRUE,TRUE,FALSE
rpg,363.086975,4499364.823000001,1469.54,NA,NA,NA,TRUE,TRUE,FALSE
klk,360.8984500000001,1476188.566,574.89,NA,NA,NA,TRUE,TRUE,FALSE
ctb,358.16209000000015,1209586.82,700.1100000000001,NA,NA,NA,TRUE,TRUE,FALSE
sho,357.15595,164429.15,762.8499999999999,NA,NA,NA,TRUE,TRUE,FALSE
smd,350.50775,747901.5750000001,474.5300000000001,NA,NA,NA,TRUE,TRUE,FALSE
atp,308.86188,549389.847,102.4,NA,NA,NA,TRUE,TRUE,FALSE
pod,296.94988,496665.837,196.91,NA,NA,NA,TRUE,TRUE,FALSE
mgs,291.39680000000004,263451.36,152.23999999999998,NA,NA,NA,TRUE,TRUE,FALSE
alv,277.03200000000004,657024.12,109.38999999999999,NA,NA,NA,TRUE,TRUE,FALSE
gur,270.66388000000006,281367.77,1593.1100000000001,NA,NA,NA,TRUE,TRUE,FALSE
bsf,268.05717,685380.3400000002,47.29,NA,NA,NA,TRUE,TRUE,FALSE
vna,262.547715,1252525.388,65.02000000000001,NA,NA,NA,TRUE,TRUE,FALSE
frz,261.27637000000004,327094.31200000003,4679.67,NA,NA,NA,TRUE,TRUE,FALSE
oum,253.87749,1605566.3579999995,8.8,NA,NA,NA,TRUE,TRUE,FALSE
epi,231.27779,491295.315,100.16,NA,NA,NA,TRUE,TRUE,FALSE
crg,224.20610000000005,366627.694,220.36999999999998,NA,NA,NA,TRUE,TRUE,FALSE
icc,213.64394,269448.487,NA,NA,NA,NA,TRUE,FALSE,FALSE
hpr,200.80063,511934.24,27.450000000000003,NA,NA,NA,TRUE,TRUE,FALSE
cet,199.2768,1613020.9470000002,3527.0400000000004,NA,NA,NA,TRUE,TRUE,FALSE
dgx,189.6404,192842.83,431.26000000000005,NA,NA,NA,TRUE,TRUE,FALSE
bft,184.19099999999997,1310258.34,14520.370000000003,NA,NA,NA,TRUE,TRUE,FALSE
avx,177.36420999999999,217514.7100000001,NA,NA,NA,NA,TRUE,FALSE,FALSE
rib,175.00822,456521.728,263.66999999999996,NA,NA,NA,TRUE,TRUE,FALSE
vsc,173.32195999999996,1322166.259,392.83000000000004,NA,NA,NA,TRUE,TRUE,FALSE
guu,170.25762,439017.05299999996,265.17999999999995,NA,NA,NA,TRUE,TRUE,FALSE
lau,157.69889999999998,1690016.5299999998,9.850000000000001,NA,NA,NA,TRUE,TRUE,FALSE
lbe,156.07360000000003,4123575.52,262.7,NA,NA,NA,TRUE,TRUE,FALSE
dxl,153.61049999999997,4546107.137,590.0999999999999,NA,NA,NA,TRUE,TRUE,FALSE
now,150.47950000000003,1471536.6909999999,232.09999999999997,NA,NA,NA,TRUE,TRUE,FALSE
ktg,147.22929999999997,677786.879,138.97,NA,NA,NA,TRUE,TRUE,FALSE
srk,137.94704,208828.8,31.72,NA,NA,NA,TRUE,TRUE,FALSE
ctz,136.13418,187124.42200000002,98.31,NA,NA,NA,TRUE,TRUE,FALSE
mlr,120.26265,99738.635,590,NA,NA,NA,TRUE,TRUE,FALSE
rju,119.01217,304387.65900000004,163.35,NA,NA,NA,TRUE,TRUE,FALSE
mgr,107.94493,435771.0309999999,2599.8900000000003,NA,NA,NA,TRUE,TRUE,FALSE
muf,98.58285000000001,107231.771,174.23,NA,NA,NA,TRUE,TRUE,FALSE
swb,90.56829,45849.514,736.2799999999999,NA,NA,NA,TRUE,TRUE,FALSE
rjh,89.2554,279123.18,92.75999999999999,NA,NA,NA,TRUE,TRUE,FALSE
mkg,89.16331299999999,494100.7000000001,78.22,NA,NA,NA,TRUE,TRUE,FALSE
bdl,88.9984,237923.29,53.53,NA,NA,NA,TRUE,TRUE,FALSE
swr,88.587625,73785.671,283.15999999999997,NA,NA,NA,TRUE,TRUE,FALSE
syt,88.07419999999999,63558.06000000001,19.650000000000002,NA,NA,NA,TRUE,TRUE,FALSE
qph,85.12989999999999,11984.349999999999,NA,NA,NA,NA,TRUE,FALSE,FALSE
brd,84.73639999999999,282820.39,NA,NA,NA,NA,TRUE,FALSE,FALSE
gob,83.99013000000001,145497.432,NA,NA,NA,NA,TRUE,FALSE,FALSE
yfc,78.7121,34920.939999999995,9.459999999999999,NA,NA,NA,TRUE,TRUE,FALSE
cux,75.0041,169654.79,319.41999999999996,NA,NA,NA,TRUE,TRUE,FALSE
kcp,70.67000000000002,248448.69,NA,NA,NA,NA,TRUE,FALSE,FALSE
del,70.11725000000001,171326.84499999997,12.130000000000003,NA,NA,NA,TRUE,TRUE,FALSE
trg,68.32025999999998,210383.52000000002,230.5,NA,NA,NA,TRUE,TRUE,FALSE
usk,68.15142,66652.52,20.38,NA,NA,NA,TRUE,TRUE,FALSE
dab,65.24950000000001,107386.5,2.33,NA,NA,NA,TRUE,TRUE,FALSE
lyy,64.226069999999993,37863.786,32.51,NA,NA,NA,TRUE,TRUE,FALSE
ldb,63.57639999999999,254231.13999999998,120.74999999999997,NA,NA,NA,TRUE,TRUE,FALSE
kjt,62.24822999999999,63132.020000000004,NA,NA,NA,NA,TRUE,FALSE,FALSE
lpz,61.11068,142896.62000000005,1.61,NA,NA,NA,TRUE,TRUE,FALSE
iod,56.143499999999996,55907.5,40.089999999999996,NA,NA,NA,TRUE,TRUE,FALSE
krj,55.50964,85993.1,NA,NA,NA,NA,TRUE,FALSE,FALSE
yft,53.87648,202851.37,3.2199999999999998,NA,NA,NA,TRUE,TRUE,FALSE
slo,49.89856000000001,1295403.3150000002,39.53,NA,NA,NA,TRUE,TRUE,FALSE
rjf,48.44085,139297.46,0.55,NA,NA,NA,TRUE,TRUE,FALSE
hdv,48.25534999999999,322825.32999999996,NA,NA,NA,NA,TRUE,FALSE,FALSE
gha,44.74229999999999,9128.14,NA,NA,NA,NA,TRUE,FALSE,FALSE
cbc,44.66965,92652.46999999999,1239.5800000000002,NA,NA,NA,TRUE,TRUE,FALSE
fox,44.42541,153071.95,970.7199999999999,NA,NA,NA,TRUE,TRUE,FALSE
sqe,43.51747000000001,99282.53000000001,5279.830000000003,NA,NA,NA,TRUE,TRUE,FALSE
lzs,41.64805,60615.29,31.740000000000002,NA,NA,NA,TRUE,TRUE,FALSE
ubi,41.12447500000003,2879523.1710000006,NA,NA,NA,NA,TRUE,FALSE,FALSE
uex,39.4657,23445.58,NA,NA,NA,NA,TRUE,FALSE,FALSE
pee,38.353840000000005,106803.65999999999,28.41,NA,NA,NA,TRUE,TRUE,FALSE
zgs,33.668549999999996,52050.9,9.86,NA,NA,NA,TRUE,TRUE,FALSE
asd,33.080169999999995,94261.09000000003,17.22,NA,NA,NA,TRUE,TRUE,FALSE
abz,32.31156,48784.399999999994,4.3500000000000005,NA,NA,NA,TRUE,TRUE,FALSE
sfa,30.877,73261.26000000001,NA,NA,NA,NA,TRUE,FALSE,FALSE
ims,29.97344,34303.14,0.01,NA,NA,NA,TRUE,TRUE,FALSE
tsd,26.173999999999992,17565.026,1487.1000000000001,NA,NA,NA,TRUE,TRUE,FALSE
rkz,25.6794,73937.73,NA,NA,NA,NA,TRUE,FALSE,FALSE
cob,24.010479999999998,67646.07,103.72999999999999,NA,NA,NA,TRUE,TRUE,FALSE
rji,23.49945,62172.89,15.479999999999999,NA,NA,NA,TRUE,TRUE,FALSE
red,23.447699999999994,84109.30499999998,15.379999999999995,NA,NA,NA,TRUE,TRUE,FALSE
scy,23.375609999999998,1402161.415,9.469999999999999,NA,NA,NA,TRUE,TRUE,FALSE
fuv,22.01918,6809.17,NA,NA,NA,NA,TRUE,FALSE,FALSE
chm,21.104,10293.5,NA,NA,NA,NA,TRUE,FALSE,FALSE
pox,20.02075,111462.78,375.84,NA,NA,NA,TRUE,TRUE,FALSE
ms-,19.89,19413,NA,NA,NA,NA,TRUE,FALSE,FALSE
eje,19.83476,103345.543,159.83,NA,NA,NA,TRUE,TRUE,FALSE
ssh,19.596249999999998,305864.59,NA,NA,NA,NA,TRUE,FALSE,FALSE
kef,18.903950000000002,152654.21,9.01,NA,NA,NA,TRUE,TRUE,FALSE
ary,18.72566,29258.360000000004,108.93999999999998,NA,NA,NA,TRUE,TRUE,FALSE
snk,17.419449999999998,29483.08,NA,NA,NA,NA,TRUE,FALSE,FALSE
li0,17.06325,61746.47,NA,NA,NA,NA,TRUE,FALSE,FALSE
blb,15.68765,87776.35,120.35000000000001,NA,NA,NA,TRUE,TRUE,FALSE
ple,15.627450000000001,41526.78999999999,72.66999999999999,NA,NA,NA,TRUE,TRUE,FALSE
lcm,15.61927,97826.54999999999,14.779999999999998,NA,NA,NA,TRUE,TRUE,FALSE
la5,15.40539,12044.650000000001,NA,NA,NA,NA,TRUE,FALSE,FALSE
din,14.825475,369844.7800000001,0.14,NA,NA,NA,TRUE,TRUE,FALSE
mgc,12.274199999999999,19413.719999999998,38.79999999999999,NA,NA,NA,TRUE,TRUE,FALSE
weg,12.25295,10869.220000000001,931.1800000000001,NA,NA,NA,TRUE,TRUE,FALSE
spr,12.2202,51341.68,18.52000000000001,NA,NA,NA,TRUE,TRUE,FALSE
dps,11.83435,153016.89,21234.47,NA,NA,NA,TRUE,TRUE,FALSE
pnq,11.542149999999998,79238.38200000001,3.8600000000000003,NA,NA,NA,TRUE,TRUE,FALSE
bop,11.2591,11499.04,0.04,NA,NA,NA,TRUE,TRUE,FALSE
asn,10.893,3811,NA,NA,NA,NA,TRUE,FALSE,FALSE
arm,9.432540000000003,236703.09100000001,NA,NA,NA,NA,TRUE,FALSE,FALSE
yez,9.11735,13218.025000000001,NA,NA,NA,NA,TRUE,FALSE,FALSE
dea,8.9626,32574.618,NA,NA,NA,NA,TRUE,FALSE,FALSE
hlt,8.450149999999999,175370.18,8.67,NA,NA,NA,TRUE,TRUE,FALSE
fys,8.41066,8410.66,NA,NA,NA,NA,TRUE,FALSE,FALSE
rje,8.103700000000002,15850.34,12.55,NA,NA,NA,TRUE,TRUE,FALSE
ggu,7.905950000000001,49905.587999999996,6.9,NA,NA,NA,TRUE,TRUE,FALSE
tjx,7.1801,42015.259999999995,7.76,NA,NA,NA,TRUE,TRUE,FALSE
lee,7.106,11285.7,27.920000000000005,NA,NA,NA,TRUE,TRUE,FALSE
spn,6.719199999999999,10238.01,5.59,NA,NA,NA,TRUE,TRUE,FALSE
ssb,6.66435,36913.806,1760.3199999999997,NA,NA,NA,TRUE,TRUE,FALSE
wbx,6.6396,24792.8,NA,NA,NA,NA,TRUE,FALSE,FALSE
zgp,6.2540000000000004,33536.738,4.84,NA,NA,NA,TRUE,TRUE,FALSE
mga,5.8285,4718.937999999999,21.67,NA,NA,NA,TRUE,TRUE,FALSE
mmh,5.6778,4200.0650000000005,232.63,NA,NA,NA,TRUE,TRUE,FALSE
sai,4.9405,6955.950000000001,29.32,NA,NA,NA,TRUE,TRUE,FALSE
gun,4.7434,8285.460000000001,148.59,NA,NA,NA,TRUE,TRUE,FALSE
reg,4.188,18302.65,0.93,NA,NA,NA,TRUE,TRUE,FALSE
sbs,4.0497,7354.290000000001,4353.540000000002,NA,NA,NA,TRUE,TRUE,FALSE
oal,3.7273499999999995,66484.735,NA,NA,NA,NA,TRUE,FALSE,FALSE
oul,3.43125,20424.28,554.99,NA,NA,NA,TRUE,TRUE,FALSE
poi,3.4071000000000002,8212.23,3.0799999999999996,NA,NA,NA,TRUE,TRUE,FALSE
boy,3.31592,5085.07,389.65,NA,NA,NA,TRUE,TRUE,FALSE
hal,3.17137,7842.660000000001,0.73,NA,NA,NA,TRUE,TRUE,FALSE
guq,2.9270000000000005,8163.719999999999,14.01,NA,NA,NA,TRUE,TRUE,FALSE
bxq,2.603,5764.58,NA,NA,NA,NA,TRUE,FALSE,FALSE
rng,2.292,5079.2,0.2,NA,NA,NA,TRUE,TRUE,FALSE
yfx,2.21205,3957.881,10.399999999999999,NA,NA,NA,TRUE,TRUE,FALSE
gpw,2.1915999999999998,19977.89,0.01,NA,NA,NA,TRUE,TRUE,FALSE
apu,2.1217500000000005,22916.86,5.029999999999999,NA,NA,NA,TRUE,TRUE,FALSE
dol,1.9774999999999998,10606.67,1.08,NA,NA,NA,TRUE,TRUE,FALSE
wor,1.9405100000000002,62782.909999999996,0.39,NA,NA,NA,TRUE,TRUE,FALSE
boc,1.9240000000000002,301.55,24.90000000000001,NA,NA,NA,TRUE,TRUE,FALSE
ars,1.69435,25268.22,NA,NA,NA,NA,TRUE,FALSE,FALSE
tal,1.514,1806.67,0.06999999999999999,NA,NA,NA,TRUE,TRUE,FALSE
dgz,1.5132000000000003,2503.3100000000004,NA,NA,NA,NA,TRUE,FALSE,FALSE
spu,1.40945,9818.018,242.49,NA,NA,NA,TRUE,TRUE,FALSE
lql,1.3666,2456.7,NA,NA,NA,NA,TRUE,FALSE,FALSE
her,1.3515,1603.45,644.0799999999999,NA,NA,NA,TRUE,TRUE,FALSE
ezs,1.0737999999999999,6275.302,13.690000000000001,NA,NA,NA,TRUE,TRUE,FALSE
tgs,0.91055,10783.239999999998,NA,NA,NA,NA,TRUE,FALSE,FALSE
iar,0.90885,12543.02,13.450000000000001,NA,NA,NA,TRUE,TRUE,FALSE
gbr,0.80145,1265.43,2467.04,NA,NA,NA,TRUE,TRUE,FALSE
toz,0.7334,592.14,0.74,NA,NA,NA,TRUE,TRUE,FALSE
alf,0.7128000000000001,4120.85,65.47999999999999,NA,NA,NA,TRUE,TRUE,FALSE
sal,0.65504,1870.54,6.959999999999998,NA,NA,NA,TRUE,TRUE,FALSE
bl0,0.5229,1159.2,NA,NA,NA,NA,TRUE,FALSE,FALSE
lag,0.49175,6755.1,0.19,NA,NA,NA,TRUE,TRUE,FALSE
whe,0.4629,835.24,3.62,NA,NA,NA,TRUE,TRUE,FALSE
utl,0.43598000000000003,871.96,NA,NA,NA,NA,TRUE,FALSE,FALSE
ceo,0.4,595.8499999999999,0.8800000000000001,NA,NA,NA,TRUE,TRUE,FALSE
ner,0.36291999999999996,7430.299999999999,NA,NA,NA,NA,TRUE,FALSE,FALSE
gel,0.342,427.56,8110.570000000001,NA,NA,NA,TRUE,TRUE,FALSE
kcb,0.30274999999999996,1732,NA,NA,NA,NA,TRUE,FALSE,FALSE
qtv,0.2829,1013.8700000000001,43.1,NA,NA,NA,TRUE,TRUE,FALSE
mux,0.2793,5489.85,3543.129999999999,NA,NA,NA,TRUE,TRUE,FALSE
lvc,0.2265,220.86999999999998,NA,NA,NA,NA,TRUE,FALSE,FALSE
swx,0.21430000000000002,143.065,14292.07,NA,NA,NA,TRUE,TRUE,FALSE
sqf,0.2058,3393,0.48,NA,NA,NA,TRUE,TRUE,FALSE
ghl,0.20469999999999997,380.98,0.23000000000000004,NA,NA,NA,TRUE,TRUE,FALSE
oub,0.20179999999999998,555.702,NA,NA,NA,NA,TRUE,FALSE,FALSE
tcr,0.198,257.74,NA,NA,NA,NA,TRUE,FALSE,FALSE
trs,0.18397000000000002,723.89,1.0800000000000003,NA,NA,NA,TRUE,TRUE,FALSE
epk,0.1432,544.76,NA,NA,NA,NA,TRUE,FALSE,FALSE
efj,0.1382,1242.636,0.060000000000000005,NA,NA,NA,TRUE,TRUE,FALSE
ara,0.1356,1903.99,NA,NA,NA,NA,TRUE,FALSE,FALSE
sli,0.086,145.55,548.8499999999999,NA,NA,NA,TRUE,TRUE,FALSE
saa,0.0725,137.81,NA,NA,NA,NA,TRUE,FALSE,FALSE
urq,0.06405,153.14,NA,NA,NA,NA,TRUE,FALSE,FALSE
cil,0.0515,103,1639.51,NA,NA,NA,TRUE,TRUE,FALSE
amb,0.042249999999999996,139.075,126.77,NA,NA,NA,TRUE,TRUE,FALSE
whm,0.037,68.45,110.93999999999998,NA,NA,NA,TRUE,TRUE,FALSE
ptb,0.030199999999999998,187.7,NA,NA,NA,NA,TRUE,FALSE,FALSE
myl,0.015499999999999998,42.8,7.8900000000000015,NA,NA,NA,TRUE,TRUE,FALSE
sns,0.0072,2.16,4.74,NA,NA,NA,TRUE,TRUE,FALSE
lum,0.007,7,NA,NA,NA,NA,TRUE,FALSE,FALSE
bsc,0.006900000000000001,89.42,22.559999999999995,NA,NA,NA,TRUE,TRUE,FALSE
ktt,0.0064,7.96,1740.41,NA,NA,NA,TRUE,TRUE,FALSE
sve,0.00625,12.08,41685.17,NA,NA,NA,TRUE,TRUE,FALSE
gum,0.0045,15.75,212.12,NA,NA,NA,TRUE,TRUE,FALSE
po0,0.003,7.59,NA,NA,NA,NA,TRUE,FALSE,FALSE
pxv,0.003,1.5,NA,NA,NA,NA,TRUE,FALSE,FALSE
jos,0.0029,5.8,57.290000000000006,NA,NA,NA,TRUE,TRUE,FALSE
uuc,0.0017000000000000001,6.3,6.680000000000001,NA,NA,NA,TRUE,TRUE,FALSE
aes,NA,NA,1.1600000000000001,NA,NA,NA,FALSE,TRUE,FALSE
aga,NA,NA,0.01,NA,NA,NA,FALSE,TRUE,FALSE
agn,NA,NA,93.65,NA,NA,NA,FALSE,TRUE,FALSE
akj,NA,NA,0.06,NA,NA,NA,FALSE,TRUE,FALSE
akl,NA,NA,0.02,NA,NA,NA,FALSE,TRUE,FALSE
alm,NA,NA,0.14,NA,NA,NA,FALSE,TRUE,FALSE
alu,NA,NA,0.01,NA,NA,NA,FALSE,TRUE,FALSE
alx,NA,NA,0.25,NA,NA,NA,FALSE,TRUE,FALSE
amx,NA,NA,0.06,NA,NA,NA,FALSE,TRUE,FALSE
anf,NA,NA,10266.249999999998,NA,NA,NA,FALSE,TRUE,FALSE
ann,NA,NA,90.97,NA,NA,NA,FALSE,TRUE,FALSE
anp,NA,NA,0.02,NA,NA,NA,FALSE,TRUE,FALSE
ant,NA,NA,0.66,NA,NA,NA,FALSE,TRUE,FALSE
arg,NA,NA,52.43000000000001,NA,NA,NA,FALSE,TRUE,FALSE
ari,NA,NA,420.15,NA,NA,NA,FALSE,TRUE,FALSE
aru,NA,NA,11.350000000000001,NA,NA,NA,FALSE,TRUE,FALSE
ask,NA,NA,0.30000000000000004,NA,NA,NA,FALSE,TRUE,FALSE
atb,NA,NA,19.55,NA,NA,NA,FALSE,TRUE,FALSE
atv,NA,NA,0.26,NA,NA,NA,FALSE,TRUE,FALSE
bai,NA,NA,0.01,NA,NA,NA,FALSE,TRUE,FALSE
bar,NA,NA,48.78,NA,NA,NA,FALSE,TRUE,FALSE
bas,NA,NA,12.259999999999996,NA,NA,NA,FALSE,TRUE,FALSE
ben,NA,NA,0.54,NA,NA,NA,FALSE,TRUE,FALSE
bhd,NA,NA,50.74999999999999,NA,NA,NA,FALSE,TRUE,FALSE
bhy,NA,NA,6.249999999999999,NA,NA,NA,FALSE,TRUE,FALSE
bil,NA,NA,40.870000000000005,NA,NA,NA,FALSE,TRUE,FALSE
biu,NA,NA,0.02,NA,NA,NA,FALSE,TRUE,FALSE
ble,NA,NA,1.7000000000000004,NA,NA,NA,FALSE,TRUE,FALSE
blu,NA,NA,2200.4600000000005,NA,NA,NA,FALSE,TRUE,FALSE
bor,NA,NA,0.92,NA,NA,NA,FALSE,TRUE,FALSE
bpb,NA,NA,0.02,NA,NA,NA,FALSE,TRUE,FALSE
bpg,NA,NA,0.03,NA,NA,NA,FALSE,TRUE,FALSE
bpi,NA,NA,75.79999999999998,NA,NA,NA,FALSE,TRUE,FALSE
bri,NA,NA,0.13,NA,NA,NA,FALSE,TRUE,FALSE
bro,NA,NA,0.01,NA,NA,NA,FALSE,TRUE,FALSE
brt,NA,NA,0.03,NA,NA,NA,FALSE,TRUE,FALSE
brx,NA,NA,123.90000000000002,NA,NA,NA,FALSE,TRUE,FALSE
bsx,NA,NA,360.54,NA,NA,NA,FALSE,TRUE,FALSE
bth,NA,NA,92.8,NA,NA,NA,FALSE,TRUE,FALSE
bum,NA,NA,233.64000000000001,NA,NA,NA,FALSE,TRUE,FALSE
bux,NA,NA,309.20000000000005,NA,NA,NA,FALSE,TRUE,FALSE
bzx,NA,NA,6.17,NA,NA,NA,FALSE,TRUE,FALSE
caa,NA,NA,0.04,NA,NA,NA,FALSE,TRUE,FALSE
cab,NA,NA,0.19,NA,NA,NA,FALSE,TRUE,FALSE
cap,NA,NA,0.38999999999999996,NA,NA,NA,FALSE,TRUE,FALSE
car,NA,NA,5747.88,NA,NA,NA,FALSE,TRUE,FALSE
cat,NA,NA,1.5000000000000002,NA,NA,NA,FALSE,TRUE,FALSE
cbm,NA,NA,43.94,NA,NA,NA,FALSE,TRUE,FALSE
cct,NA,NA,0.1,NA,NA,NA,FALSE,TRUE,FALSE
cdx,NA,NA,2097.5,NA,NA,NA,FALSE,TRUE,FALSE
cen,NA,NA,19.2,NA,NA,NA,FALSE,TRUE,FALSE
cep,NA,NA,4.11,NA,NA,NA,FALSE,TRUE,FALSE
cfb,NA,NA,0.03,NA,NA,NA,FALSE,TRUE,FALSE
cgx,NA,NA,1516.33,NA,NA,NA,FALSE,TRUE,FALSE
ckl,NA,NA,0.02,NA,NA,NA,FALSE,TRUE,FALSE
cls,NA,NA,0.08,NA,NA,NA,FALSE,TRUE,FALSE
clu,NA,NA,6782.759999999999,NA,NA,NA,FALSE,TRUE,FALSE
clv,NA,NA,25298.540000000005,NA,NA,NA,FALSE,TRUE,FALSE
clx,NA,NA,615.99,NA,NA,NA,FALSE,TRUE,FALSE
cmk,NA,NA,0.04,NA,NA,NA,FALSE,TRUE,FALSE
cnz,NA,NA,0.33,NA,NA,NA,FALSE,TRUE,FALSE
cox,NA,NA,5.209999999999999,NA,NA,NA,FALSE,TRUE,FALSE
cpl,NA,NA,0.11,NA,NA,NA,FALSE,TRUE,FALSE
cra,NA,NA,159.71000000000004,NA,NA,NA,FALSE,TRUE,FALSE
crs,NA,NA,3.2199999999999984,NA,NA,NA,FALSE,TRUE,FALSE
cru,NA,NA,2782.2999999999993,NA,NA,NA,FALSE,TRUE,FALSE
crw,NA,NA,22.590000000000003,NA,NA,NA,FALSE,TRUE,FALSE
csh,NA,NA,41.78999999999999,NA,NA,NA,FALSE,TRUE,FALSE
ctl,NA,NA,507.37000000000006,NA,NA,NA,FALSE,TRUE,FALSE
cut,NA,NA,443.71,NA,NA,NA,FALSE,TRUE,FALSE
cvj,NA,NA,213.93999999999997,NA,NA,NA,FALSE,TRUE,FALSE
cyo,NA,NA,151.6,NA,NA,NA,FALSE,TRUE,FALSE
cyp,NA,NA,0.25,NA,NA,NA,FALSE,TRUE,FALSE
dba,NA,NA,0.01,NA,NA,NA,FALSE,TRUE,FALSE
dca,NA,NA,6.049999999999999,NA,NA,NA,FALSE,TRUE,FALSE
dcp,NA,NA,64.94000000000001,NA,NA,NA,FALSE,TRUE,FALSE
dem,NA,NA,3.46,NA,NA,NA,FALSE,TRUE,FALSE
dep,NA,NA,347.34,NA,NA,NA,FALSE,TRUE,FALSE
dex,NA,NA,1326.1399999999999,NA,NA,NA,FALSE,TRUE,FALSE
dgh,NA,NA,2.91,NA,NA,NA,FALSE,TRUE,FALSE
dhq,NA,NA,3.11,NA,NA,NA,FALSE,TRUE,FALSE
don,NA,NA,146.39000000000001,NA,NA,NA,FALSE,TRUE,FALSE
dpe,NA,NA,0.01,NA,NA,NA,FALSE,TRUE,FALSE
dpx,NA,NA,460.78999999999996,NA,NA,NA,FALSE,TRUE,FALSE
dyl,NA,NA,0.08,NA,NA,NA,FALSE,TRUE,FALSE
eag,NA,NA,178.66,NA,NA,NA,FALSE,TRUE,FALSE
ece,NA,NA,18.27,NA,NA,NA,FALSE,TRUE,FALSE
ele,NA,NA,579.15,NA,NA,NA,FALSE,TRUE,FALSE
etp,NA,NA,0.03,NA,NA,NA,FALSE,TRUE,FALSE
etr,NA,NA,0.02,NA,NA,NA,FALSE,TRUE,FALSE
euq,NA,NA,0.02,NA,NA,NA,FALSE,TRUE,FALSE
f83,NA,NA,0.02,NA,NA,NA,FALSE,TRUE,FALSE
fac,NA,NA,0.03,NA,NA,NA,FALSE,TRUE,FALSE
fal,NA,NA,0.76,NA,NA,NA,FALSE,TRUE,FALSE
fav,NA,NA,14.709999999999996,NA,NA,NA,FALSE,TRUE,FALSE
fel,NA,NA,0.02,NA,NA,NA,FALSE,TRUE,FALSE
fim,NA,NA,7.66,NA,NA,NA,FALSE,TRUE,FALSE
fin,NA,NA,22378.5,NA,NA,NA,FALSE,TRUE,FALSE
flx,NA,NA,2133.02,NA,NA,NA,FALSE,TRUE,FALSE
fly,NA,NA,2.0799999999999996,NA,NA,NA,FALSE,TRUE,FALSE
fri,NA,NA,423.60999999999996,NA,NA,NA,FALSE,TRUE,FALSE
gad,NA,NA,18209.73,NA,NA,NA,FALSE,TRUE,FALSE
gam,NA,NA,0.01,NA,NA,NA,FALSE,TRUE,FALSE
gas,NA,NA,414.66999999999996,NA,NA,NA,FALSE,TRUE,FALSE
gau,NA,NA,556.79,NA,NA,NA,FALSE,TRUE,FALSE
gbf,NA,NA,2.63,NA,NA,NA,FALSE,TRUE,FALSE
gbn,NA,NA,0.11,NA,NA,NA,FALSE,TRUE,FALSE
gcr,NA,NA,0.02,NA,NA,NA,FALSE,TRUE,FALSE
gdb,NA,NA,0.11,NA,NA,NA,FALSE,TRUE,FALSE
gdg,NA,NA,0.26,NA,NA,NA,FALSE,TRUE,FALSE
gep,NA,NA,199.17,NA,NA,NA,FALSE,TRUE,FALSE
geq,NA,NA,808.77,NA,NA,NA,FALSE,TRUE,FALSE
ger,NA,NA,0.37,NA,NA,NA,FALSE,TRUE,FALSE
gey,NA,NA,0.02,NA,NA,NA,FALSE,TRUE,FALSE
ggr,NA,NA,0.02,NA,NA,NA,FALSE,TRUE,FALSE
ggy,NA,NA,6.539999999999999,NA,NA,NA,FALSE,TRUE,FALSE
gli,NA,NA,0.01,NA,NA,NA,FALSE,TRUE,FALSE
gpa,NA,NA,86.77000000000001,NA,NA,NA,FALSE,TRUE,FALSE
gpd,NA,NA,212.32999999999998,NA,NA,NA,FALSE,TRUE,FALSE
gro,NA,NA,80297.65,NA,NA,NA,FALSE,TRUE,FALSE
grx,NA,NA,1125.02,NA,NA,NA,FALSE,TRUE,FALSE
gsm,NA,NA,0.36,NA,NA,NA,FALSE,TRUE,FALSE
gug,NA,NA,9.829999999999998,NA,NA,NA,FALSE,TRUE,FALSE
gui,NA,NA,71.65,NA,NA,NA,FALSE,TRUE,FALSE
gup,NA,NA,2.9799999999999995,NA,NA,NA,FALSE,TRUE,FALSE
gyx,NA,NA,0.09999999999999999,NA,NA,NA,FALSE,TRUE,FALSE
hdr,NA,NA,1.3900000000000001,NA,NA,NA,FALSE,TRUE,FALSE
hkw,NA,NA,38.48,NA,NA,NA,FALSE,TRUE,FALSE
hmy,NA,NA,194.43000000000004,NA,NA,NA,FALSE,TRUE,FALSE
hny,NA,NA,0.03,NA,NA,NA,FALSE,TRUE,FALSE
hol,NA,NA,7.659999999999999,NA,NA,NA,FALSE,TRUE,FALSE
hqm,NA,NA,0.02,NA,NA,NA,FALSE,TRUE,FALSE
hxt,NA,NA,0.99,NA,NA,NA,FALSE,TRUE,FALSE
iax,NA,NA,1.56,NA,NA,NA,FALSE,TRUE,FALSE
iii,NA,NA,0.22,NA,NA,NA,FALSE,TRUE,FALSE
inv,NA,NA,17.46,NA,NA,NA,FALSE,TRUE,FALSE
irs,NA,NA,0.01,NA,NA,NA,FALSE,TRUE,FALSE
isc,NA,NA,0.05,NA,NA,NA,FALSE,TRUE,FALSE
itg,NA,NA,0.01,NA,NA,NA,FALSE,TRUE,FALSE
itw,NA,NA,36.83,NA,NA,NA,FALSE,TRUE,FALSE
jad,NA,NA,0.01,NA,NA,NA,FALSE,TRUE,FALSE
jai,NA,NA,1.03,NA,NA,NA,FALSE,TRUE,FALSE
jar,NA,NA,0.33,NA,NA,NA,FALSE,TRUE,FALSE
jax,NA,NA,310281.48,NA,NA,NA,FALSE,TRUE,FALSE
jba,NA,NA,0.02,NA,NA,NA,FALSE,TRUE,FALSE
jcn,NA,NA,0.18,NA,NA,NA,FALSE,TRUE,FALSE
jcx,NA,NA,80.39,NA,NA,NA,FALSE,TRUE,FALSE
jdp,NA,NA,18.59,NA,NA,NA,FALSE,TRUE,FALSE
jfv,NA,NA,0.38,NA,NA,NA,FALSE,TRUE,FALSE
jhd,NA,NA,0.25,NA,NA,NA,FALSE,TRUE,FALSE
jlb,NA,NA,0.01,NA,NA,NA,FALSE,TRUE,FALSE
jrh,NA,NA,0.05,NA,NA,NA,FALSE,TRUE,FALSE
jrs,NA,NA,256.28999999999996,NA,NA,NA,FALSE,TRUE,FALSE
jux,NA,NA,0.02,NA,NA,NA,FALSE,TRUE,FALSE
kct,NA,NA,0.17000000000000004,NA,NA,NA,FALSE,TRUE,FALSE
kcx,NA,NA,0.11000000000000001,NA,NA,NA,FALSE,TRUE,FALSE
kcz,NA,NA,14.54,NA,NA,NA,FALSE,TRUE,FALSE
kia,NA,NA,0.01,NA,NA,NA,FALSE,TRUE,FALSE
kpj,NA,NA,0.01,NA,NA,NA,FALSE,TRUE,FALSE
kyx,NA,NA,0.06,NA,NA,NA,FALSE,TRUE,FALSE
lah,NA,NA,2.57,NA,NA,NA,FALSE,TRUE,FALSE
las,NA,NA,0.36000000000000004,NA,NA,NA,FALSE,TRUE,FALSE
lbs,NA,NA,3.32,NA,NA,NA,FALSE,TRUE,FALSE
lda,NA,NA,0.04,NA,NA,NA,FALSE,TRUE,FALSE
lds,NA,NA,0.08,NA,NA,NA,FALSE,TRUE,FALSE
ldv,NA,NA,5.9799999999999995,NA,NA,NA,FALSE,TRUE,FALSE
lef,NA,NA,703.33,NA,NA,NA,FALSE,TRUE,FALSE
lgh,NA,NA,0.11,NA,NA,NA,FALSE,TRUE,FALSE
lha,NA,NA,0.5,NA,NA,NA,FALSE,TRUE,FALSE
lil,NA,NA,1.24,NA,NA,NA,FALSE,TRUE,FALSE
lim,NA,NA,0.02,NA,NA,NA,FALSE,TRUE,FALSE
lis,NA,NA,0.01,NA,NA,NA,FALSE,TRUE,FALSE
lkt,NA,NA,1.1500000000000001,NA,NA,NA,FALSE,TRUE,FALSE
lnz,NA,NA,98.44,NA,NA,NA,FALSE,TRUE,FALSE
loq,NA,NA,2.7399999999999998,NA,NA,NA,FALSE,TRUE,FALSE
los,NA,NA,13.259999999999996,NA,NA,NA,FALSE,TRUE,FALSE
lox,NA,NA,337.76,NA,NA,NA,FALSE,TRUE,FALSE
lps,NA,NA,1.08,NA,NA,NA,FALSE,TRUE,FALSE
lqa,NA,NA,0.49000000000000005,NA,NA,NA,FALSE,TRUE,FALSE
lvb,NA,NA,0.01,NA,NA,NA,FALSE,TRUE,FALSE
lvm,NA,NA,0.11,NA,NA,NA,FALSE,TRUE,FALSE
lxx,NA,NA,0.01,NA,NA,NA,FALSE,TRUE,FALSE
mak,NA,NA,62.24,NA,NA,NA,FALSE,TRUE,FALSE
mat,NA,NA,68.34,NA,NA,NA,FALSE,TRUE,FALSE
max,NA,NA,26888.57,NA,NA,NA,FALSE,TRUE,FALSE
maz,NA,NA,184553.44,NA,NA,NA,FALSE,TRUE,FALSE
mcd,NA,NA,0.01,NA,NA,NA,FALSE,TRUE,FALSE
mia,NA,NA,613.07,NA,NA,NA,FALSE,TRUE,FALSE
mll,NA,NA,0.06,NA,NA,NA,FALSE,TRUE,FALSE
mlo,NA,NA,0.03,NA,NA,NA,FALSE,TRUE,FALSE
mne,NA,NA,0.02,NA,NA,NA,FALSE,TRUE,FALSE
mnz,NA,NA,9290.51,NA,NA,NA,FALSE,TRUE,FALSE
mol,NA,NA,396.97999999999996,NA,NA,NA,FALSE,TRUE,FALSE
mop,NA,NA,0.27,NA,NA,NA,FALSE,TRUE,FALSE
mor,NA,NA,3.249999999999999,NA,NA,NA,FALSE,TRUE,FALSE
mox,NA,NA,0.33,NA,NA,NA,FALSE,TRUE,FALSE
mql,NA,NA,1.4900000000000002,NA,NA,NA,FALSE,TRUE,FALSE
mrk,NA,NA,0.06,NA,NA,NA,FALSE,TRUE,FALSE
msf,NA,NA,15.71,NA,NA,NA,FALSE,TRUE,FALSE
msk,NA,NA,52.87,NA,NA,NA,FALSE,TRUE,FALSE
msx,NA,NA,11.24,NA,NA,NA,FALSE,TRUE,FALSE
mtc,NA,NA,0.38,NA,NA,NA,FALSE,TRUE,FALSE
mts,NA,NA,6280.919999999999,NA,NA,NA,FALSE,TRUE,FALSE
mue,NA,NA,13.129999999999999,NA,NA,NA,FALSE,TRUE,FALSE
mui,NA,NA,99.60000000000001,NA,NA,NA,FALSE,TRUE,FALSE
mum,NA,NA,20.829999999999995,NA,NA,NA,FALSE,TRUE,FALSE
mus,NA,NA,83.75000000000003,NA,NA,NA,FALSE,TRUE,FALSE
myg,NA,NA,0.02,NA,NA,NA,FALSE,TRUE,FALSE
nau,NA,NA,0.1,NA,NA,NA,FALSE,TRUE,FALSE
nen,NA,NA,0.01,NA,NA,NA,FALSE,TRUE,FALSE
nex,NA,NA,0.04,NA,NA,NA,FALSE,TRUE,FALSE
nop,NA,NA,43.29,NA,NA,NA,FALSE,TRUE,FALSE
nuq,NA,NA,75.75999999999999,NA,NA,NA,FALSE,TRUE,FALSE
oat,NA,NA,0.14,NA,NA,NA,FALSE,TRUE,FALSE
ocm,NA,NA,1817.3600000000001,NA,NA,NA,FALSE,TRUE,FALSE
oct,NA,NA,37497.52,NA,NA,NA,FALSE,TRUE,FALSE
ocz,NA,NA,28.42,NA,NA,NA,FALSE,TRUE,FALSE
ofc,NA,NA,0.02,NA,NA,NA,FALSE,TRUE,FALSE
ofj,NA,NA,0.01,NA,NA,NA,FALSE,TRUE,FALSE
ofn,NA,NA,89.67999999999999,NA,NA,NA,FALSE,TRUE,FALSE
ogt,NA,NA,3.7999999999999994,NA,NA,NA,FALSE,TRUE,FALSE
olc,NA,NA,0.01,NA,NA,NA,FALSE,TRUE,FALSE
omm,NA,NA,12.329999999999998,NA,NA,NA,FALSE,TRUE,FALSE
omz,NA,NA,15267.570000000002,NA,NA,NA,FALSE,TRUE,FALSE
oph,NA,NA,2.11,NA,NA,NA,FALSE,TRUE,FALSE
ory,NA,NA,1.31,NA,NA,NA,FALSE,TRUE,FALSE
ouw,NA,NA,275.86,NA,NA,NA,FALSE,TRUE,FALSE
pal,NA,NA,25.76,NA,NA,NA,FALSE,TRUE,FALSE
pan,NA,NA,0.03,NA,NA,NA,FALSE,TRUE,FALSE
pax,NA,NA,5520.290000000001,NA,NA,NA,FALSE,TRUE,FALSE
pdz,NA,NA,58.169999999999995,NA,NA,NA,FALSE,TRUE,FALSE
pel,NA,NA,122355.90999999999,NA,NA,NA,FALSE,TRUE,FALSE
pen,NA,NA,2654.3199999999997,NA,NA,NA,FALSE,TRUE,FALSE
pez,NA,NA,32.2,NA,NA,NA,FALSE,TRUE,FALSE
pic,NA,NA,90.03,NA,NA,NA,FALSE,TRUE,FALSE
piq,NA,NA,0.04,NA,NA,NA,FALSE,TRUE,FALSE
pla,NA,NA,0.61,NA,NA,NA,FALSE,TRUE,FALSE
plz,NA,NA,4.8999999999999995,NA,NA,NA,FALSE,TRUE,FALSE
poc,NA,NA,0.32,NA,NA,NA,FALSE,TRUE,FALSE
ppx,NA,NA,1.4900000000000002,NA,NA,NA,FALSE,TRUE,FALSE
pra,NA,NA,25.07,NA,NA,NA,FALSE,TRUE,FALSE
prc,NA,NA,62548.47000000001,NA,NA,NA,FALSE,TRUE,FALSE
prr,NA,NA,0.16,NA,NA,NA,FALSE,TRUE,FALSE
psl,NA,NA,1.2600000000000002,NA,NA,NA,FALSE,TRUE,FALSE
pux,NA,NA,0.02,NA,NA,NA,FALSE,TRUE,FALSE
qpx,NA,NA,9.59,NA,NA,NA,FALSE,TRUE,FALSE
qul,NA,NA,0.02,NA,NA,NA,FALSE,TRUE,FALSE
raj,NA,NA,722.8399999999999,NA,NA,NA,FALSE,TRUE,FALSE
raz,NA,NA,2393.22,NA,NA,NA,FALSE,TRUE,FALSE
rcr,NA,NA,0.05,NA,NA,NA,FALSE,TRUE,FALSE
reb,NA,NA,44.25999999999999,NA,NA,NA,FALSE,TRUE,FALSE
reo,NA,NA,0.01,NA,NA,NA,FALSE,TRUE,FALSE
rez,NA,NA,0.01,NA,NA,NA,FALSE,TRUE,FALSE
rgl,NA,NA,0.15000000000000002,NA,NA,NA,FALSE,TRUE,FALSE
rhg,NA,NA,0.11,NA,NA,NA,FALSE,TRUE,FALSE
rin,NA,NA,0.04,NA,NA,NA,FALSE,TRUE,FALSE
rja,NA,NA,3.2399999999999998,NA,NA,NA,FALSE,TRUE,FALSE
rjb,NA,NA,1.2,NA,NA,NA,FALSE,TRUE,FALSE
rjg,NA,NA,1.25,NA,NA,NA,FALSE,TRUE,FALSE
rjk,NA,NA,0.81,NA,NA,NA,FALSE,TRUE,FALSE
rjo,NA,NA,7.229999999999999,NA,NA,NA,FALSE,TRUE,FALSE
rjp,NA,NA,0.02,NA,NA,NA,FALSE,TRUE,FALSE
rjr,NA,NA,0.29000000000000004,NA,NA,NA,FALSE,TRUE,FALSE
rjv,NA,NA,1.72,NA,NA,NA,FALSE,TRUE,FALSE
rjy,NA,NA,0.05,NA,NA,NA,FALSE,TRUE,FALSE
rli,NA,NA,0.03,NA,NA,NA,FALSE,TRUE,FALSE
rmm,NA,NA,18.91,NA,NA,NA,FALSE,TRUE,FALSE
rnh,NA,NA,32.019999999999996,NA,NA,NA,FALSE,TRUE,FALSE
roa,NA,NA,0.17000000000000004,NA,NA,NA,FALSE,TRUE,FALSE
rol,NA,NA,10.83,NA,NA,NA,FALSE,TRUE,FALSE
roz,NA,NA,0.01,NA,NA,NA,FALSE,TRUE,FALSE
rsk,NA,NA,108.22999999999999,NA,NA,NA,FALSE,TRUE,FALSE
sax,NA,NA,129.73,NA,NA,NA,FALSE,TRUE,FALSE
sbb,NA,NA,0.8,NA,NA,NA,FALSE,TRUE,FALSE
sbl,NA,NA,1,NA,NA,NA,FALSE,TRUE,FALSE
sbn,NA,NA,0.07,NA,NA,NA,FALSE,TRUE,FALSE
sbp,NA,NA,478.81,NA,NA,NA,FALSE,TRUE,FALSE
sbx,NA,NA,1179.0900000000001,NA,NA,NA,FALSE,TRUE,FALSE
sbz,NA,NA,198.88000000000002,NA,NA,NA,FALSE,TRUE,FALSE
scf,NA,NA,11.99,NA,NA,NA,FALSE,TRUE,FALSE
sck,NA,NA,0.24000000000000002,NA,NA,NA,FALSE,TRUE,FALSE
scl,NA,NA,342.39,NA,NA,NA,FALSE,TRUE,FALSE
sco,NA,NA,2440.4199999999996,NA,NA,NA,FALSE,TRUE,FALSE
scs,NA,NA,200.64999999999998,NA,NA,NA,FALSE,TRUE,FALSE
scu,NA,NA,0.09,NA,NA,NA,FALSE,TRUE,FALSE
scx,NA,NA,2249.62,NA,NA,NA,FALSE,TRUE,FALSE
sdh,NA,NA,0.7300000000000001,NA,NA,NA,FALSE,TRUE,FALSE
sds,NA,NA,0.1,NA,NA,NA,FALSE,TRUE,FALSE
sdv,NA,NA,154.93,NA,NA,NA,FALSE,TRUE,FALSE
sfr,NA,NA,0.33,NA,NA,NA,FALSE,TRUE,FALSE
shb,NA,NA,0.07,NA,NA,NA,FALSE,TRUE,FALSE
shd,NA,NA,933.6700000000001,NA,NA,NA,FALSE,TRUE,FALSE
shl,NA,NA,1.06,NA,NA,NA,FALSE,TRUE,FALSE
shq,NA,NA,0.04,NA,NA,NA,FALSE,TRUE,FALSE
shx,NA,NA,14.879999999999999,NA,NA,NA,FALSE,TRUE,FALSE
six,NA,NA,1363.13,NA,NA,NA,FALSE,TRUE,FALSE
skh,NA,NA,266.62,NA,NA,NA,FALSE,TRUE,FALSE
skx,NA,NA,95.96,NA,NA,NA,FALSE,TRUE,FALSE
slx,NA,NA,56.36999999999999,NA,NA,NA,FALSE,TRUE,FALSE
sna,NA,NA,0.04,NA,NA,NA,FALSE,TRUE,FALSE
snq,NA,NA,304.01000000000005,NA,NA,NA,FALSE,TRUE,FALSE
soi,NA,NA,0.9400000000000001,NA,NA,NA,FALSE,TRUE,FALSE
soo,NA,NA,1356.8100000000002,NA,NA,NA,FALSE,TRUE,FALSE
sor,NA,NA,10.76,NA,NA,NA,FALSE,TRUE,FALSE
sox,NA,NA,195.09999999999997,NA,NA,NA,FALSE,TRUE,FALSE
spl,NA,NA,0.16,NA,NA,NA,FALSE,TRUE,FALSE
spx,NA,NA,1.35,NA,NA,NA,FALSE,TRUE,FALSE
spz,NA,NA,2.63,NA,NA,NA,FALSE,TRUE,FALSE
sqc,NA,NA,5321.740000000001,NA,NA,NA,FALSE,TRUE,FALSE
squ,NA,NA,538.8800000000001,NA,NA,NA,FALSE,TRUE,FALSE
sqy,NA,NA,101.46,NA,NA,NA,FALSE,TRUE,FALSE
sqz,NA,NA,56.97,NA,NA,NA,FALSE,TRUE,FALSE
srg,NA,NA,1495.5900000000001,NA,NA,NA,FALSE,TRUE,FALSE
srj,NA,NA,1.6500000000000004,NA,NA,NA,FALSE,TRUE,FALSE
srr,NA,NA,0.26,NA,NA,NA,FALSE,TRUE,FALSE
srx,NA,NA,2819.2699999999995,NA,NA,NA,FALSE,TRUE,FALSE
ssd,NA,NA,0.1,NA,NA,NA,FALSE,TRUE,FALSE
ssg,NA,NA,0.01,NA,NA,NA,FALSE,TRUE,FALSE
ssx,NA,NA,0.63,NA,NA,NA,FALSE,TRUE,FALSE
sti,NA,NA,0.07,NA,NA,NA,FALSE,TRUE,FALSE
stq,NA,NA,0.05,NA,NA,NA,FALSE,TRUE,FALSE
stt,NA,NA,6.91,NA,NA,NA,FALSE,TRUE,FALSE
stu,NA,NA,9.489999999999998,NA,NA,NA,FALSE,TRUE,FALSE
stw,NA,NA,1.48,NA,NA,NA,FALSE,TRUE,FALSE
swm,NA,NA,1220.7199999999998,NA,NA,NA,FALSE,TRUE,FALSE
syr,NA,NA,154.22,NA,NA,NA,FALSE,TRUE,FALSE
syx,NA,NA,823.44,NA,NA,NA,FALSE,TRUE,FALSE
tcw,NA,NA,3.2599999999999993,NA,NA,NA,FALSE,TRUE,FALSE
thr,NA,NA,47.34,NA,NA,NA,FALSE,TRUE,FALSE
ths,NA,NA,6.319999999999999,NA,NA,NA,FALSE,TRUE,FALSE
tig,NA,NA,4.74,NA,NA,NA,FALSE,TRUE,FALSE
tod,NA,NA,164.87,NA,NA,NA,FALSE,TRUE,FALSE
toe,NA,NA,51.25,NA,NA,NA,FALSE,TRUE,FALSE
tqf,NA,NA,2.9699999999999998,NA,NA,NA,FALSE,TRUE,FALSE
tra,NA,NA,253.29000000000002,NA,NA,NA,FALSE,TRUE,FALSE
trc,NA,NA,21.580000000000005,NA,NA,NA,FALSE,TRUE,FALSE
tre,NA,NA,0.56,NA,NA,NA,FALSE,TRUE,FALSE
tri,NA,NA,200.65,NA,NA,NA,FALSE,TRUE,FALSE
trk,NA,NA,8.63,NA,NA,NA,FALSE,TRUE,FALSE
trp,NA,NA,0.59,NA,NA,NA,FALSE,TRUE,FALSE
trz,NA,NA,3,NA,NA,NA,FALSE,TRUE,FALSE
tsu,NA,NA,0.01,NA,NA,NA,FALSE,TRUE,FALSE
tto,NA,NA,0.05,NA,NA,NA,FALSE,TRUE,FALSE
ttr,NA,NA,143.85,NA,NA,NA,FALSE,TRUE,FALSE
ttv,NA,NA,0.24,NA,NA,NA,FALSE,TRUE,FALSE
tun,NA,NA,3526.89,NA,NA,NA,FALSE,TRUE,FALSE
tux,NA,NA,33,NA,NA,NA,FALSE,TRUE,FALSE
tvy,NA,NA,0.28,NA,NA,NA,FALSE,TRUE,FALSE
tzy,NA,NA,0.8600000000000001,NA,NA,NA,FALSE,TRUE,FALSE
ubs,NA,NA,1.62,NA,NA,NA,FALSE,TRUE,FALSE
uca,NA,NA,270.61,NA,NA,NA,FALSE,TRUE,FALSE
ucg,NA,NA,0.01,NA,NA,NA,FALSE,TRUE,FALSE
udv,NA,NA,0.14,NA,NA,NA,FALSE,TRUE,FALSE
urs,NA,NA,0.22,NA,NA,NA,FALSE,TRUE,FALSE
urx,NA,NA,4168.919999999999,NA,NA,NA,FALSE,TRUE,FALSE
uyh,NA,NA,0.21,NA,NA,NA,FALSE,TRUE,FALSE
vad,NA,NA,10.709999999999997,NA,NA,NA,FALSE,TRUE,FALSE
vla,NA,NA,0.02,NA,NA,NA,FALSE,TRUE,FALSE
vlo,NA,NA,2.8899999999999997,NA,NA,NA,FALSE,TRUE,FALSE
vuc,NA,NA,250.33999999999997,NA,NA,NA,FALSE,TRUE,FALSE
wag,NA,NA,0.01,NA,NA,NA,FALSE,TRUE,FALSE
wah,NA,NA,0.02,NA,NA,NA,FALSE,TRUE,FALSE
wex,NA,NA,238.50999999999996,NA,NA,NA,FALSE,TRUE,FALSE
wjp,NA,NA,0.02,NA,NA,NA,FALSE,TRUE,FALSE
wra,NA,NA,2557.23,NA,NA,NA,FALSE,TRUE,FALSE
wrm,NA,NA,0.27,NA,NA,NA,FALSE,TRUE,FALSE
wsa,NA,NA,0.31,NA,NA,NA,FALSE,TRUE,FALSE
xod,NA,NA,11.800000000000002,NA,NA,NA,FALSE,TRUE,FALSE
xsx,NA,NA,0.24,NA,NA,NA,FALSE,TRUE,FALSE
yex,NA,NA,0.09999999999999999,NA,NA,NA,FALSE,TRUE,FALSE
yfm,NA,NA,0.22,NA,NA,NA,FALSE,TRUE,FALSE
ynu,NA,NA,33.65,NA,NA,NA,FALSE,TRUE,FALSE
yrs,NA,NA,7.749999999999998,NA,NA,NA,FALSE,TRUE,FALSE
zex,NA,NA,0.48999999999999994,NA,NA,NA,FALSE,TRUE,FALSE
lophius budegassa,NA,NA,NA,Lophius budegassa,Black bellied angler,1,FALSE,FALSE,TRUE
lophius budegassa,NA,NA,NA,Lophius budegassa,Black bellied angler,0.904,FALSE,FALSE,TRUE
coryphaenoides rupestris,NA,NA,NA,Coryphaenoides rupestris,Roundnose grenadier,1,FALSE,FALSE,TRUE
lophius budegassa,NA,NA,NA,Lophius budegassa,Black bellied angler,0.775,FALSE,FALSE,TRUE
lophius budegassa,NA,NA,NA,Lophius budegassa,Black bellied angler,0.72,FALSE,FALSE,TRUE
lophius budegassa,NA,NA,NA,Lophius budegassa,Black bellied angler,0.679,FALSE,FALSE,TRUE
clupea harengus,NA,NA,NA,Clupea harengus,Herring,1,FALSE,FALSE,TRUE
lophius budegassa,NA,NA,NA,Lophius budegassa,Black bellied angler,0.646,FALSE,FALSE,TRUE
lophius budegassa,NA,NA,NA,Lophius budegassa,Black bellied angler,0.614,FALSE,FALSE,TRUE
lophius budegassa,NA,NA,NA,Lophius budegassa,Black bellied angler,0.569,FALSE,FALSE,TRUE
lophius budegassa,NA,NA,NA,Lophius budegassa,Black bellied angler,0.567,FALSE,FALSE,TRUE
lophius budegassa,NA,NA,NA,Lophius budegassa,Black bellied angler,0.545,FALSE,FALSE,TRUE
lophius budegassa,NA,NA,NA,Lophius budegassa,Black bellied angler,0.536,FALSE,FALSE,TRUE
lophius budegassa,NA,NA,NA,Lophius budegassa,Black bellied angler,0.513,FALSE,FALSE,TRUE
lophius budegassa,NA,NA,NA,Lophius budegassa,Black bellied angler,0.466,FALSE,FALSE,TRUE
lophius budegassa,NA,NA,NA,Lophius budegassa,Black bellied angler,0.427,FALSE,FALSE,TRUE
lophius budegassa,NA,NA,NA,Lophius budegassa,Black bellied angler,0.42,FALSE,FALSE,TRUE
coryphaenoides rupestris,NA,NA,NA,Coryphaenoides rupestris,Roundnose grenadier,0.999,FALSE,FALSE,TRUE
lophius budegassa,NA,NA,NA,Lophius budegassa,Black bellied angler,0.439,FALSE,FALSE,TRUE
coryphaenoides rupestris,NA,NA,NA,Coryphaenoides rupestris,Roundnose grenadier,0.801,FALSE,FALSE,TRUE
lophius budegassa,NA,NA,NA,Lophius budegassa,Black bellied angler,0.48,FALSE,FALSE,TRUE
coryphaenoides rupestris,NA,NA,NA,Coryphaenoides rupestris,Roundnose grenadier,0.668,FALSE,FALSE,TRUE
lophius budegassa,NA,NA,NA,Lophius budegassa,Black bellied angler,0.514,FALSE,FALSE,TRUE
coryphaenoides rupestris,NA,NA,NA,Coryphaenoides rupestris,Roundnose grenadier,0.602,FALSE,FALSE,TRUE
lophius budegassa,NA,NA,NA,Lophius budegassa,Black bellied angler,0.55,FALSE,FALSE,TRUE
coryphaenoides rupestris,NA,NA,NA,Coryphaenoides rupestris,Roundnose grenadier,0.517,FALSE,FALSE,TRUE
lophius budegassa,NA,NA,NA,Lophius budegassa,Black bellied angler,0.596,FALSE,FALSE,TRUE
coryphaenoides rupestris,NA,NA,NA,Coryphaenoides rupestris,Roundnose grenadier,0.485,FALSE,FALSE,TRUE
lophius budegassa,NA,NA,NA,Lophius budegassa,Black bellied angler,0.628,FALSE,FALSE,TRUE
coryphaenoides rupestris,NA,NA,NA,Coryphaenoides rupestris,Roundnose grenadier,0.467,FALSE,FALSE,TRUE
lophius budegassa,NA,NA,NA,Lophius budegassa,Black bellied angler,0.653,FALSE,FALSE,TRUE
coryphaenoides rupestris,NA,NA,NA,Coryphaenoides rupestris,Roundnose grenadier,0.462,FALSE,FALSE,TRUE
lophius budegassa,NA,NA,NA,Lophius budegassa,Black bellied angler,0.706,FALSE,FALSE,TRUE
coryphaenoides rupestris,NA,NA,NA,Coryphaenoides rupestris,Roundnose grenadier,0.466,FALSE,FALSE,TRUE
lophius budegassa,NA,NA,NA,Lophius budegassa,Black bellied angler,0.776,FALSE,FALSE,TRUE
coryphaenoides rupestris,NA,NA,NA,Coryphaenoides rupestris,Roundnose grenadier,0.456,FALSE,FALSE,TRUE
lophius budegassa,NA,NA,NA,Lophius budegassa,Black bellied angler,0.849,FALSE,FALSE,TRUE
coryphaenoides rupestris,NA,NA,NA,Coryphaenoides rupestris,Roundnose grenadier,0.453,FALSE,FALSE,TRUE
lophius budegassa,NA,NA,NA,Lophius budegassa,Black bellied angler,0.914,FALSE,FALSE,TRUE
coryphaenoides rupestris,NA,NA,NA,Coryphaenoides rupestris,Roundnose grenadier,0.477,FALSE,FALSE,TRUE
lophius budegassa,NA,NA,NA,Lophius budegassa,Black bellied angler,0.967,FALSE,FALSE,TRUE
coryphaenoides rupestris,NA,NA,NA,Coryphaenoides rupestris,Roundnose grenadier,0.509,FALSE,FALSE,TRUE
coryphaenoides rupestris,NA,NA,NA,Coryphaenoides rupestris,Roundnose grenadier,0.542,FALSE,FALSE,TRUE
coryphaenoides rupestris,NA,NA,NA,Coryphaenoides rupestris,Roundnose grenadier,0.581,FALSE,FALSE,TRUE
