codigo,nombreCastellano,nombreCientifico,nombreGallego,grupoBiologico
"A01","-","Codium vermilara","-","Algas",
"M01","-","Chaetoceros calcitrans","-","Algas",
"M02","-","Chaetoceros neogracile","-","Algas",
"M03","-","Isochrysis galbana","-","Algas",
"M04","-","Microchloropsis gaditana","-","Algas",
"M05","-","Nannochloropsis oculata","-","Algas",
"M06","-","Navicula","-","Algas",
"M07","-","Diacronema lutheri","-","Algas",
"M08","-","Phaeodactylum","-","Algas",
"M09","-","Rhodomonas salina","-","Algas",
"M10","-","Schizochytrium","-","Algas",
"RHP","-","Palmaria palmata","-","Algas",
"MKF","Abade","Mycteroperca fusca","Abade","Peixes",
"GBS","Abade jaspeado","Mycteroperca xenarcha","Abade jaspeado","Peixes",
"POL","Abadejo","Pollachius pollachius","Abadexo","Peixes",
"ALK","Abadejo de alaska o colin de alaska","Gadus chalcogrammus","Abadexo de Alasca","Peixes",
"ABJ","Abalón japonés","Haliotis discus","Abalón japonés","Gasterópodos",
"GSQ","Abuete negro","Grapsus grapsus","Abuete negro","Crustáceos",
"CET","Acedía","Dicologlossa cuneata","Acedía","Peixes",
"DHZ","Acedía moteada o lenguado seis monedas","Dicologlossa hexophthalma","Acedía ocelada","Peixes",
"MZT","Acevía senegalesa","Microchirus theophila","Acevía senegalesa","Peixes",
"MSP","Aguja de pico corto","Tetrapturus belone","Aguja de pico corto","Peixes",
"STQ","Aguja mula","Syngnathus typhle","Aguja mula","Peixes",
"BLM","Aguja negra","Makaira indica","Aguja negra","Peixes",
"SPF","Aguja picuda","Tetrapturus pfluegeri","Aguja picuda","Peixes",
"AND","Agujón","Tylosurus acus","Agujón","Peixes",
"GAR","Aguja","Belone belone","Agulla","Peixes",
"SAA","Alacha","Sardinella aurita","Alacha","Peixes",
"SIX","Sardinelas","Sardinella spp","Alacha","Peixes",
"SAE","Machuelo","Sardinella maderensis","Alacha de Madeira","Peixes",
"SAU","Paparda","Scomberesox saurus","Alcrique","Peixes",
"DTW","Aletón","Diretmoides pauciradiatus","Aletón","Peixes",
"NRO","Alfiler","Nerophis ophidion","Alfiler","Peixes",
"GUU","Bejel o rubio","Chelidonichthys lucerna","Alfóndega","Peixes",
"CAU","Algas caulerpa","Caulerpa spp","Alga caulerpa","Algas",
"ASR","Algas espárrago","Asparagopsis spp","Alga espárrago","Algas",
"FUA","Algas fuco nep","Fucaceae","Alga fuco nep","Algas",
"GEQ","Alga imperial","Gelidium corneum","Alga imperial","Algas",
"SWX","Algas nep","Algae","Alga nep","Algas",
"SWB","Algas pardas","Phaeophyceae","Alga parda","Algas",
"SWR","Algas rojas","Rhodophyceae","Alga roja","Algas",
"SWG","Algas verdes","Chlorophyceae","Alga verde","Algas",
"KFA","Almeja casera","Circomphalus casinus","Almeja casera","Bivalvos",
"ITT","Almeja corazón","Pitar rostratus","Almeja corazón","Bivalvos",
"AYQ","Almeja de Chile","Ameghinomya antiqua","Almeja de Chile","Bivalvos",
"ZEC","Almeja reina","Mulinia edulis","Almeja reina","Bivalvos",
"TCL","Almeja taca","Protothaca thaca","Almeja taca","Bivalvos",
"TSD","Alosa","Alosa fallax","Alosa","Peixes",
"PAU","Almeja amarilla o del pacífico","Paphia undulata","Ameixa amarela","Bivalvos",
"CTS","Almeja babosa o chocha","Venerupis corrugata","Ameixa babosa","Bivalvos",
"VNA","Almeja dorada","Venerupis aurea","Ameixa bicuda","Bivalvos",
"ULT","Clica o almeja blanca","Spisula subtruncata","Ameixa branca","Bivalvos",
"TWG","Almeja juliana o del pacífico","Tawera gayi","Ameixa chilena","Bivalvos",
"VNU","Almeja de fondo","Venus nux","Ameixa clara","Bivalvos",
"MXL","Almeja del Pacífico","Meretrix lyrata","Ameixa do Indo-Pacífico","Bivalvos",
"CTG","Almeja fina","Ruditapes decussatus","Ameixa fina","Bivalvos",
"RTV","Almeja jaspeada o del Pacífico","Ruditapes variegatus","Ameixa moteada","Bivalvos",
"NWP","Almeja del Pacífico","Transennella pannosa","Ameixa Pacífico","Bivalvos",
"VNR","Almeja rubia","Venerupis rhomboides","Ameixa rubia","Bivalvos",
"CLJ","Almeja japonesa","Ruditapes philippinarum","Ameixa xaponesa","Bivalvos",
"KLK","Almejón","Callista chione","Ameixon","Bivalvos",
"BLU","Anjova","Pomatomus saltatrix","Anchova","Peixes",
"EVK","Anchovetas","Anchoviella spp","Anchoveta","Peixes",
"VET","Anchoveta","Engraulis ringens","Anchoveta","Peixes",
"STO","Anchovetas indias","Stolephorus spp","Anchoveta india","Peixes",
"AHN","Andoriña","Anthias anthias","Andoriña","Peixes",
"EMM","Andorrero del Cabo","Emmelichthys nitidus","Andorrero do Cabo","Peixes",
"SUG","Angelote argentino","Squatina argentina","Angelote argentino","Peixes",
"ELE","Anguila","Anguilla anguilla","Anguía","Peixes",
"ELX","Anguilas","Anguilla spp","Anguía","Peixes",
"ARP","Arapaima o pirarucú","Arapaima gigas","Arapaima o pirarucú","Peixes",
"NBZ","Araña plana","Percnon gibbesi","Araña plana","Crustáceos",
"NDQ","Arca antigua","Anadara antiquata","Arca antigua","Bivalvos",
"RKQ","Arca de noe","Arca noae","Arca de Noé","Bivalvos",
"NRQ","Arca huequera","Anadara similis","Arca huequera","Bivalvos",
"NQT","Arca negra","Anadara tuberculosa","Arca negra","Bivalvos",
"HEP","Arenque del Pacífico","Clupea pallasii","Arenque del Pacífico","Peixes",
"HER","Arenque","Clupea harengus","Arenque do atlántico","Peixes",
"SRH","Arenquillo","Spratelloides gracilis","Arenquillo","Peixes",
"LQX","Argazo real o kombú de azúcar","Saccharina latissima","Argazo real o kombú de azúcar","Algas",
"UTL","Arola","Lutraria lutraria","Arola","Bivalvos",
"YFT","Rabil o atún de aleta amarilla","Thunnus albacares","Atún amarelo","Peixes",
"BLF","Atún de aleta negra","Thunnus atlanticus","Atún de aleta negra","Peixes",
"SBF","Atún del sur","Thunnus maccoyii","Atún del sur","Peixes",
"PBF","Atún del Pacífico","Thunnus orientalis","Atún do Pacífico","Peixes",
"LOT","Atun tongol o tongol","Thunnus tonggol","Atún do índico","Peixes",
"SLT","Atún lanzón","Allothunnus fallai","Atún lanzón","Peixes",
"BET","Patudo o atún de ojo grande o patudo del Atlántico","Thunnus obesus","Atún patudo","Peixes",
"BFT","Atún Rojo o de Aleta Azul","Thunnus thynnus","Atún vermello","Peixes",
"SAB","Bacalao negro de alaska","Anoplopoma fimbria","Bacalao negro de Alaska","Peixes",
"CDZ","Bacalaos","Gadus spp","Bacallao","Peixes",
"COD","Bacalao","Gadus morhua","Bacallao","Peixes",
"GRC","Bacalao de groenlandia","Gadus ogac","Bacallao de Groenlandia","Peixes",
"PCO","Bacalao del pacifico o de alaska","Gadus macrocephalus","Bacallao do Pacífico","Peixes",
"TRT","Tramas o nototenias","Trematomus spp","Bacallau austrais","Peixes",
"LTA","Bacoreta","Euthynnus alletteratus","Bacoreta","Peixes",
"KAW","Bacoreta oriental","Euthynnus affinis","Bacoreta oriental","Peixes",
"THB","Bagas","Nemipterus spp","Baga","Peixes",
"BMC","Bagra del ganges","Mystus cavasius","Bagra del Ganges","Peixes",
"SMC","Bagre","Arius heudelotii","Bagre","Peixes",
"OKB","Bagre blanco","Ompok bimaculatus","Bagre blanco","Peixes",
"ITP","Bagre del canal","Ictalurus punctatus","Bagre del canal","Peixes",
"BEC","Bagre rojo","Bagre pinnimaculatus","Bagre rojo","Peixes",
"GGU","Lota","Gaidropsarus vulgaris","Barbada común","Peixes",
"GGD","Bertorella","Gaidropsarus mediterraneus","Barbada de area","Peixes",
"PXV","Barbudo","Polymixia nobilis","Barbado de fondo","Peixes",
"LWD","Barbo comun","Luciobarbus bocagei","Barbo común","Peixes",
"BUG","Barbo de graells","Luciobarbus graellsii","Barbo de graells","Peixes",
"BUD","Barbo de montaña","Barbus meridionalis","Barbo do Danubio","Peixes",
"LWK","Barbo comizo","Luciobarbus comizo","Barbo ibérico","Peixes",
"BSL","Barbo de sclater o barbo gitano","Luciobarbus sclateri","Barbo xitano","Peixes",
"ENC","Barbuda","Enchelyopus cimbrius","Barbuda","Peixes",
"PET","Barbudo real","Pentanemus quinquarius","Barbudo real","Peixes",
"COC","Berberecho","Cerastoderma edule","Berberecho","Bivalvos",
"AKJ","Carneiro","Acanthocardia echinata","Berberecho bravo","Bivalvos",
"QRG","Berberecho de Groenlandia","Serripes groenlandicus","Berberecho de Groenlandia","Bivalvos",
"DKR","Berberecho gigante del atlántico","Dinocardium robustum","Berberecho gigante del Atlántico","Bivalvos",
"AKK","Marolo","Acanthocardia aculeata","Berberecho macho","Bivalvos",
"CTZ","Rubio","Chelidonichthys lastoviza","Berete","Peixes",
"SAO","Brotola criolla o bacalao criollo","Salilota australis","Bertorella austral","Peixes",
"ANT","Bertorella azul o locha azul","Antimora rostrata","Bertorella azul o locha azul","Peixes",
"BRD","Mustela o brotola de barbas","Brotula barbata","Bertorella barbada","Peixes",
"HKW","Brotola blanca","Urophycis tenuis","Bertorella branca","Peixes",
"RIB","Mora","Mora moro","Bertorella brava","Peixes",
"GFB","Brótola de fango","Phycis blennoides","Bertorella de lama","Peixes",
"NEC","Falsa brotola","Pseudophycis bachus","Bertorella de nova celandia","Peixes",
"FOR","Brótola de roca","Phycis phycis","Bertorella de rocha","Peixes",
"LPS","Bertorella brava","Lepidion eques","Bertorella do atlántico norte","Peixes",
"HKU","Brotola brasileña","Urophycis brasiliensis","Bertorella do brasil","Peixes",
"TVY","Picuca","Cataetyx laticeps","Bertorella rosada","Peixes",
"HKR","Brotola roja","Urophycis chuss","Bertorella vermella","Peixes",
"GDE","Bertorellas Ártica","Gaidropsarus ensis","Bertorella ártica","Peixes",
"SXB","Besugo árabe","Pagellus affinis","Besugo árabe","Peixes",
"KTG","Berberecho verde","Cerastoderma glaucum","Birollo","Bivalvos",
"UAE","Blanquillo","Branchiostegus semifasciatus","Blanquillo","Peixes",
"ULA","Blanquillo peruano","Caulolatilus affinis","Blanquillo peruano","Peixes",
"GON","Bobi","Gobius paganellus","Bobi","Peixes",
"HXT","Cañabota o bocadulce","Heptranchias perlo","Bocadoce","Peixes",
"SBL","Cañabota gris","Hexanchus griseus","Bocadoce gris","Peixes",
"ANE","Boquerón o Anchoa","Engraulis encrasicolus","Bocarte","Peixes",
"ENR","Anchoas/boquerones/bocartes","Engraulis spp","Bocarte","Peixes",
"ANA","Anchoita","Engraulis anchoita","Bocarte arxentino","Peixes",
"JAN","Anchoa japonesa","Engraulis japonicus","Bocarte xaponés","Peixes",
"UCU","-","Fucus spp","Bocho","Algas",
"VEP","Bocona","Cetengraulis mysticetus","Bocona","Peixes",
"EGD","Bocón","Epigonus denticulatus","Bocón","Peixes",
"GLI","Bocón","Glossanodon leioglossus","Bocón","Peixes",
"YFX","Bodión","Symphodus spp","Bodión","Peixes",
"BOG","Boga","Boops boops","Boga","Peixes",
"HOX","Madrilla","Chondrostoma toxostoma","Boga de boca curva","Peixes",
"HOY","Boga de rio","Chondrostoma polylepis","Boga de río","Peixes",
"EHI","Caramel imperial","Centracanthus cirrus","Boga vermella","Peixes",
"CRE","Buey de mar","Cancer pagurus","Boi","Crustáceos",
"CWE","Buey austral","Cancer edwardsii","Boi austral","Crustáceos",
"KPG","Cangrejo real","Calappa granulata","Boi bravo","Crustáceos",
"ZGS","Saltón","Gymnammodytes semisquamatus","Bolo blanco","Peixes",
"ZGC","Sonso","Gymnammodytes cicerelus","Bolo do mediterráneo","Peixes",
"YEZ","Pión","Hyperoplus lanceolatus","Bolo verde","Peixes",
"ABZ","Aguacioso","Ammodytes tobianus","Bolo vermello","Peixes",
"SKJ","Listado o bonito de vientre rayado","Katsuwonus pelamis","Bonito alistado","Peixes",
"BAU","Bonito austral","Sarda australis","Bonito austral","Peixes",
"BEP","Bonito del Pacífico","Sarda chiliensis","Bonito del Pacífico","Peixes",
"BON","Bonito","Sarda sarda","Bonito do atlántico","Peixes",
"ALB","Atún blanco o bonito del norte o albacora","Thunnus alalunga","Bonito do norte","Peixes",
"BOP","Tasarte","Orcynopsis unicolor","Bonito ollón","Peixes",
"BIP","Bonito oriental","Sarda orientalis","Bonito oriental","Peixes",
"CMO","Quimera","Chimaera monstrosa","Borrico","Peixes",
"PAC","Breca","Pagellus erythrinus","Breca","Peixes",
"PAR","Breca chata","Pagellus bellottii","Breca vermella","Peixes",
"USK","Brosmio","Brosme brosme","Brosme","Peixes",
"GPE","Brosmio Ártico","Phycis chesteri","Brosmio ártico","Peixes",
"ASN","-","Ascophyllum nodosum","Buche bravo","Algas",
"OAW","Burgado hembra","Phorcus atratus","Burgado hembra","Gasterópodos",
"JKU","Burgado iberico","Phorcus sauciatus","Burgado ibérico","Gasterópodos",
"HAD","Eglefino","Melanogrammus aeglefinus","Burro","Peixes",
"MVU","Buñuelo de mar","Microcosmus vulgaris","Buñuelo de mar","Resto das descargas",
"MAA","Caballa austral o caballa","Scomber australasicus","Caballa austral o caballa","Peixes",
"MAS","Caballa del Sur o estornino","Scomber japonicus","Caballa del sur o estornino","Peixes",
"LDM","Cabete","Lepidotrigla microptera","Cabete","Peixes",
"UUC","Miracielo","Uranoscopus scaber","Cabezudo","Peixes",
"BRF","Gallineta","Helicolenus dactylopterus","Cabra de altura","Peixes",
"OPP","Gallineta del pacifico","Sebastes alutus","Cabra do Pacífico","Peixes",
"SFK","Chancharro","Sebastes jordani","Cabra do xordán","Peixes",
"REG","Gallineta nordica","Sebastes marinus","Cabra dourada","Peixes",
"REB","Gallineta oceanica","Sebastes mentella","Cabra oceánica","Peixes",
"TJX","Cabracho de fondo","Trachyscorpia cristulata","Cabracho de fondo","Peixes",
"SRJ","Cabrilla","Serranus hepatus","Cabrilla","Peixes",
"OBN","Almeja de perro","Scrobicularia plana","Cadela","Bivalvos",
"DXL","Coquina","Donax trunculus","Cadelucha","Bivalvos",
"DNE","Tellina austral","Donax deltoides","Cadelucha austral","Bivalvos",
"DJC","Cadelucha listada","Donacilla cornea","Cadelucha listada","Bivalvos",
"DXQ","Tellerina","Donax semistriatus","Cadelucha raiada","Bivalvos",
"SQP","Calamar patagonico","Loligo gahi","Calamar patagónico o del Perú","Cefalópodos",
"BLJ","Calamarín de fondo","Abralia veranyi","Calamarín de fondo","Cefalópodos",
"CNZ","Camarones","Crangon spp","Camarón","Crustáceos",
"PAN","Camarones","Pandalus spp","Camarón","Crustáceos",
"PVR","Camarón","Palaemonetes varians","Camarón","Crustáceos",
"QPX","Camarones o quisquillas","Palaemon spp","Camarón","Crustáceos",
"RXK","Camarones cabezones","Processa spp","Camarón","Crustáceos",
"XKX","Camarones","Plesionika spp","Camarón","Crustáceos",
"PRA","Camaron boreal o nordico","Pandalus borealis","Camarón boreal","Crustáceos",
"HKF","Camarón cabezudo","Heterocarpus ensifer","Camarón cabezudo","Crustáceos",
"HVQ","Camarón cabezudo del alto","Heterocarpus grimaldii","Camarón cabezudo del alto","Crustáceos",
"CPR","Camarón","Palaemon serratus","Camarón común","Crustáceos",
"LKG","Camarón cristal oriental o chino","Leptochela gracilis","Camarón cristal oriental o chino","Crustáceos",
"PNQ","Camarón de poza","Palaemon elegans","Camarón de poza","Crustáceos",
"LKO","Camaron flecha","Plesionika heterocarpus","Camarón frecha","Crustáceos",
"HKJ","Camarón indio","Heterocarpus gibbosus","Camarón indio","Crustáceos",
"NAW","Gamba lanzón","Parapenaeopsis hardwickii","Camarón lanzón","Crustáceos",
"ESH","Camarón maoxía","Acetes chinensis","Camarón maoxía","Crustáceos",
"LKT","Camaron marcial","Plesionika martia","Camarón marcial","Crustáceos",
"CSH","Camaron meridional","Crangon crangon","Camarón meridional","Crustáceos",
"HKT","Camarón nailón liso","Heterocarpus laevigatus","Camarón nailón liso","Crustáceos",
"PVJ","Camaron narval","Parapandalus narval","Camarón narval","Crustáceos",
"RKD","Camaroncillo","Processa edulis","Camarón nica","Crustáceos",
"GFU","Camarón periquito","Glyphus marsupialis","Camarón periquito","Crustáceos",
"EKW","Camarón rayado de guinea","Plesionika williamsi","Camarón rayado de Guinea","Crustáceos",
"BOB","Camarón siete barbas o camarón nieve","Xiphopenaeus kroyeri","Camarón sete barbas ou camarón neve","Crustáceos",
"LKW","Camaron soldado","Plesionika edwardsii","Camarón soldado","Crustáceos",
"HLQ","Camaron verde o real","Chlorotocus crassicornis","Camarón verde","Crustáceos",
"FEL","Quisquilla de pinzas","Alpheus glaber","Camarón vermello","Crustáceos",
"FAV","Camaron blanco","Pasiphaea sivado","Camarón vidro branco","Crustáceos",
"FAM","Camaron cristal","Pasiphaea multidentata","Camarón vidro rosa","Crustáceos",
"EKN","Camarón Índico","Acetes indicus","Camarón índico","Crustáceos",
"DLX","Camotillo","Diplectrum maximum","Camotillo","Crustáceos",
"CAB","Pez lobo","Anarhichas denticulatus","Can azul","Peixes",
"CAS","Perro chico","Anarhichas minor","Can de pintas","Peixes",
"CAA","Perro del norte","Anarhichas lupus","Can riscado","Peixes",
"GER","Cangrejos","Chaceon spp","Cangrejo","Crustáceos",
"CRK","Cangrejo Atlántico o de roca","Cancer irroratus","Cangrejo atlántico o de roca","Crustáceos",
"GAZ","Cangrejo azul japonés","Portunus trituberculatus","Cangrejo azul japonés","Crustáceos",
"UIS","Cangrejo blanco","Plagusia depressa","Cangrejo blanco","Crustáceos",
"CRJ","Cangrejo canadiense","Cancer borealis","Cangrejo canadiense","Crustáceos",
"ERS","Cangrejo chino","Eriocheir sinensis","Cangrejo chino","Crustáceos",
"MUD","Cangrejo de fango australiano","Scylla serrata","Cangrejo de fango australiano","Crustáceos",
"UCD","Cangrejo de mar rojo","Ucides occidentalis","Cangrejo de Mar Rojo","Crustáceos",
"QAI","Cangrejo mandarín","Portunus haanii","Cangrejo mandarín","Crustáceos",
"SCD","Cangrejo pelágico","Portunus pelagicus","Cangrejo pelágico","Crustáceos",
"MXI","Cangrejo rey del Caribe","Mithrax spinosissimus","Cangrejo rey del Caribe","Crustáceos",
"LQA","Cangrejo","Liocarcinus arcuatus","Cangrexo arqueado","Crustáceos",
"CRB","Cangrejo azul","Callinectes sapidus","Cangrexo azul","Crustáceos",
"QSO","Cangrejo azul nadador","Portunus segnis","Cangrexo azul nadador","Crustáceos",
"KCR","Centolla chilena","Lithodes santolla","Cangrexo chileno","Crustáceos",
"CRG","Cangrejo atlántico o verde","Carcinus maenas","Cangrexo común","Crustáceos",
"KCD","Cangrejo boreal","Paralithodes camtschaticus","Cangrexo de alasca","Crustáceos",
"GRQ","Cangrejo rojo mediterraneo","Geryon longipes","Cangrexo de fondo europeo","Crustáceos",
"AAS","Cangrejo de río europeo o cangrejo noble","Astacus astacus","Cangrexo de río europeo ou cangrexo noble","Crustáceos",
"CRP","Cangrejo de río real","Cherax quadricarinatus","Cangrexo de río real","Crustáceos",
"CRD","Cangrejo del Danubio","Astacus leptodactylus","Cangrexo do Danubio","Crustáceos",
"CMR","Cangrejo mediterraneo","Carcinus aestuarii","Cangrexo do mediterráneo","Crustáceos",
"OLV","Centolla de fondo","Paromola cuvieri","Cangrexo espiñoso","Crustáceos",
"KEF","Cangrejo rey","Chaceon affinis","Cangrexo real","Crustáceos",
"CGE","Cangrejo rojo","Chaceon maritae","Cangrexo real africano","Crustáceos",
"PCL","Cangrejo de california o cangrejo del pacifico","Pacifastacus leniusculus","Cangrexo sinal","Crustáceos",
"HBN","Cangrejo rojo","Chaceon notialis","Cangrexo vermello","Crustáceos",
"UCG","Barrilete o boca","Uca tangeri","Cangrexo violinista","Crustáceos",
"CAP","Capelan","Mallotus villosus","Capelán","Peixes",
"SSH","Carabinero","Plesiopenaeus edwardsianus","Carabineiro","Crustáceos",
"NKH","Caracol luna","Naticarius hebraeus","Caracol luna","Gasterópodos",
"HQM","Boca roja","Thais haemastoma","Caracol purpura de boca vermella","Gasterópodos",
"RPW","Caracola","Rapana venosa","Caracola","Gasterópodos",
"WHE","Bocina","Buccinum undatum","Caracola","Gasterópodos",
"PEE","Bígaro","Littorina littorea","Caramuxo","Gasterópodos",
"TPA","Cardenal atlántico","Trachipterus arcticus","Cardenal atlántico","Peixes",
"MAW","Carita","Scomberomorus tritor","Carita","Peixes",
"NXJ","Caritas o jorobados","Selene spp","Carita o jorobado","Peixes",
"SIE","Carite sierra","Scomberomorus sierra","Carite sierra","Peixes",
"JLA","Carnada de vieja","Xantho poressa","Carnada de vieja","Crustáceos",
"VEV","Escupiña grabada","Venus verrucosa","Carneiro","Bivalvos",
"BIC","Carpa cabezona","Hypophthalmichthys nobilis","Carpa cabezuda","Peixes",
"FCP","Carpa","Cyprinus carpio","Carpa común","Peixes",
"FCG","Amur o carpa amur","Ctenopharyngodon idellus","Carpa de limo","Peixes",
"FCC","Carpin","Carassius carassius","Carpa dourada","Peixes",
"LCB","Carpa naranja","Labeo calbasu","Carpa naranja","Peixes",
"SVC","Carpa plateada","Hypophthalmichthys molitrix","Carpa prateada","Peixes",
"LRH","Carpa rohu","Labeo rohita","Carpa rohu","Peixes",
"IMS","Musgo de Irlanda","Chondrus crispus","Carrapicho","Algas",
"A02","-","Gelidium pulchellum","Carromeiro fermoso","Algas",
"HSO","Casabe del Pacífico","Chloroscombrus orqueta","Casabe orqueta","Peixes",
"FMG","Casco acanalado","Semicassis granulata","Casco acanalado","Gasterópodos",
"KDH","Casco tirreno","Cassidaria tyrrhena","Casco tirreno","Gasterópodos",
"POA","Japuta","Brama brama","Castañeta","Peixes",
"BRU","Reineta","Brama australis","Castañeta austral","Peixes",
"TAL","Cangullo","Taractichthys longipinnis","Castañeta de aleta longa","Peixes",
"TCR","Palometa de quilla","Taractes rubescens","Castañeta de quilla","Peixes",
"BYS","Alfonsiño o besugo americano","Beryx splendens","Castañeta macho","Peixes",
"BXD","Palometa roja","Beryx decadactylus","Castañeta vermella","Peixes",
"HTU","Catalufa","Heteropriacanthus cruentatus","Catalufa","Peixes",
"GAG","Cazón","Galeorhinus galeus","Cazón","Peixes",
"SMD","Musola","Mustelus mustelus","Cazón liso","Peixes",
"SCR","Centolla o centollo","Maja squinado","Centola","Crustáceos",
"JDV","Centolla o centollo","Maja brachydactyla","Centola ou centolo","Crustáceos",
"JCX","Centolla o centollo del Atlántico","Maja spp","Centola ou centolo do Atlántico","Crustáceos",
"CRQ","Cangrejo de las nieves","Chionoecetes opilio","Centola raíña","Crustáceos",
"KLV","Centolla peruana","Paralomis longipes","Centolla peruana","Crustáceos",
"PAG","Centollón antártico o chileno o centollón","Paralomis granulosa","Centollón antártico o chileno o centollón","Crustáceos",
"CER","Cero","Scomberomorus regalis","Cero","Peixes",
"SZM","Chanquete chino","Salangichthys microdon","Chanquete chino","Peixes",
"IXC","Chanquetes de Panamá","Sicydium spp","Chanquete de panamá","Peixes",
"CTB","Mojarra","Diplodus vulgaris","Chaparella","Peixes",
"GBN","Chaparrudo","Gobius niger","Chaparrudo","Peixes",
"ZCD","Chavo","Cyttopsis rosea","Chavo","Peixes",
"WRF","Cherna","Polyprion americanus","Cherna","Peixes",
"WHA","Cherna hapuka","Polyprion oxygeneios","Cherna hapuka","Peixes",
"EEI","Cherne sahariano","Epinephelus haifensis","Cherne sahariano","Peixes",
"BIS","Chicharro ojón","Selar crumenophthalmus","Chicharro ojón","Peixes",
"SVE","Chirla","Chamelea gallina","Chirla","Bivalvos",
"CLH","Almeja americana","Mercenaria mercenaria","Chirla mercenaria","Bivalvos",
"CTC","Choco o jibia o sepia","Sepia officinalis","Choco","Cefalópodos",
"EJB","Choco canario","Sepia bertheloti","Choco africano","Cefalópodos",
"EJA","Sepia oriental","Sepia aculeata","Choco puntiagudo","Cefalópodos",
"IAX","Sepias o jibias o chocos","Sepia spp","Chocos","Cefalópodos",
"MSC","Cholga","Aulacomya ater","Cholga","Bivalvos",
"CTR","Globito","Sepiola rondeleti","Chopiño","Cefalópodos",
"IOX","Globitos","Sepiola spp","Chopiño","Cefalópodos",
"ROA","Globito robusto","Rossia macrosoma","Chopiño rexo","Cefalópodos",
"IRE","Globito tierno","Semirossia tenera","Chopiño tenro","Cefalópodos",
"KYS","Chopón","Kyphosus sectatrix","Chopón","Peixes",
"EJE","Choquito","Sepia elegans","Choquiño","Cefalópodos",
"IAR","Choquito picudo","Sepia orbignyana","Choquiño picudo","Cefalópodos",
"BRB","Chopa","Spondyliosoma cantharus","Choupa","Peixes",
"MYL","Aguila marina","Myliobatis aquila","Chucho","Peixes",
"BPI","Chucla","Spicara maena","Chucla","Peixes",
"QZU","Chucla ojona","Spicara alta","Chucla ojona","Peixes",
"NEP","Cigala","Nephrops norvegicus","Cigala","Crustáceos",
"MFH","Cigala de bandas rojas","Metanephrops thomsoni","Cigala de bandas rojas","Crustáceos",
"NEM","Cigala de Mozambique","Metanephrops mozambicus","Cigala de Mozambique","Crustáceos",
"NES","Cigala del Índico","Nephropsis stewarti","Cigala del Índico","Crustáceos",
"YLK","Cigarra roja","Scyllarides herklotsii","Cigarra vermella","Crustáceos",
"MBW","Claca","Megabalanus tintinnabulum","Claca","Crustáceos",
"CBA","Cobia","Rachycentron canadum","Cobia","Peixes",
"OIL","Escolar","Ruvettus pretiosus","Cochinilla","Peixes",
"JCR","Espardeña","Stichopus regalis","Cogombro de mar real","Equinodermos",
"HFT","Cohombro tubo","Holothuria tubulosa","Cogombro de mar tubo","Equinodermos",
"TVK","Cohombro rojo","Parastichopus tremulus","Cogombro de mar vermello","Equinodermos",
"WBX","Cohombro negro","Holothuria spp","Cohombro","Equinodermos",
"JHG","Cohombro naranja","Holothuria arguinensis","Cohombro naranja","Equinodermos",
"SEM","Cojinova","Seriolella brama","Cojinova","Peixes",
"PRP","Conejo","Promethichthys prometheus","Conejo","Peixes",
"COE","Congrio","Conger conger","Congro","Peixes",
"ICC","Cangrejo de arrugas","Liocarcinus corrugatus","Conguito","Crustáceos",
"IFM","Coquina antártica","Mactromeris polynyma","Coquina antártica","Bivalvos",
"FMK","Alga de cal","Phymatolithon calcareum","Coraliño","Algas",
"WIT","Mendo","Glyptocephalus cynoglossus","Coreano","Peixes",
"BOY","Cañailla","Bolinus brandaris","Cornecho espinoso","Gasterópodos",
"FNT","Busano","Phyllonotus trunculus","Cornecho truncado","Gasterópodos",
"FUC","Corneta flautera","Fistularia corneta","Corneta frauteira","Peixes",
"AZG","Corneta palo","Argobuccinum argus","Corneta palo","Peixes",
"SPC","Caramel","Spicara smaris","Corneterio boga","Peixes",
"ULO","Almeja blanca o clica","Spisula solida","Cornicha","Bivalvos",
"SPZ","Cornuda","Sphyrna zygaena","Cornuda","Peixes",
"CBM","Corvallo","Sciaena umbra","Corvallo","Peixes",
"KOB","Corvina africana","Argyrosomus hololepidotus","Corvina africana","Peixes",
"JOU","Corvina China","Johnius dussumieri","Corvina asiática","Peixes",
"MIH","Corvina asiática","Miichthys miiuy","Corvina asiática","Peixes",
"OTB","Corvina bronce","Otolithoides biauritus","Corvina bronce","Peixes",
"AWE","Corvina de boca amarilla","Atractoscion aequidens","Corvina de boca amarilla","Peixes",
"UCA","Verrugato de fango","Umbrina canariensis","Corvina de canarias","Peixes",
"OTI","Corvina pintada","Protonibea diacanthus","Corvina de pintas","Peixes",
"PSS","Corvina casava","Pseudotolithus senegalensis","Corvina do Senegal","Peixes",
"UMO","Verrugato fusco","Umbrina ronchus","Corvina fusca","Peixes",
"YNH","Corvina naranja","Cynoscion phoxocephalus","Corvina naranja","Peixes",
"CKL","Corvina negra","Pseudotolithus senegallus","Corvina negra","Peixes",
"MGR","Corvina","Argyrosomus regius","Corvina real","Peixes",
"LKR","Corvina tigre","Otolithes ruber","Corvina tigre","Peixes",
"LYC","Corvinata azafrán","Larimichthys croceus","Corvina xaponesa","Peixes",
"YNV","Corvinato","Cynoscion virescens","Corvinata","Peixes",
"CRY","Corvinata amarilla","Larimichthys polyactis","Corvinata amarilla","Peixes",
"YGC","Corvinata listada","Cynoscion guatucupa","Corvinata listada","Peixes",
"YNZ","Corvinata pelona","Cynoscion stolzmanni","Corvinata pelona","Peixes",
"CRV","Corvinata plateada","Pennahia argentata","Corvinata plateada","Peixes",
"STG","Corvinata punteada","Cynoscion regalis","Corvinata punteada","Peixes",
"CKM","Corvinón amarillo","Micropogonias furnieri","Corvinón amarillo","Peixes",
"RDM","Corvinón ocelado","Sciaenops ocellatus","Corvinón ocelado","Peixes",
"SEO","Cojinova","Seriolella porosa","Coxinova","Peixes",
"SEU","Cojinova","Seriolella caerulea","Coxinova austral","Peixes",
"SEP","Cojinova","Seriolella punctata","Coxinova moteada","Peixes",
"YBO","Coña","Cymbium olla","Coña","Gasterópodos",
"GUG","Perlon o borracho","Eutrigla gurnardus","Crego","Peixes",
"DAX","Crepipatella","Crepipatella","Crepipatella","Gasterópodos",
"BLL","Rémol","Scophthalmus rhombus","Curuxo","Peixes",
"ECA","Daoyú","Coilia nasus","Daoyú","Peixes",
"DEC","Dentón o dentón europeo","Dentex dentex","Dentón","Peixes",
"DEA","Dentón angoleño","Dentex angolensis","Dentón angoleño","Peixes",
"DEN","Denton canario","Dentex canariensis","Dentón das canarias","Peixes",
"DEP","Sama de pluma","Dentex gibbosus","Dentón de bandeira","Peixes",
"DEM","Sama","Dentex maroccanus","Dentón de marrocos","Peixes",
"SLD","Dentón nufar","Cheimerius nufar","Dentón nufar","Peixes",
"DEL","Cachucho","Dentex macrophthalmus","Dentón ollón","Peixes",
"COU","Julia","Coris julis","Doncela","Peixes",
"XYN","Galan","Xyrichtys novacula","Doncela trabadora","Peixes",
"LOB","Dormilona","Lobotes surinamensis","Dormilona","Peixes",
"SBG","Dorada","Sparus aurata","Dourada","Peixes",
"DOL","Lampuga","Coryphaena hippurus","Dourado común","Peixes",
"CFW","Dorado","Coryphaena equiselis","Dourado pampo","Peixes",
"SMR","Eperlano americano","Osmerus mordax","Eperlán arco da vella","Peixes",
"SME","Eperlano","Osmerus eperlanus","Eperlán europeo","Peixes",
"UCH","Erizo blanco","Loxechinus albus","Erizo blanco","Equinodermos",
"GUY","Rubios","Trigla spp","Escacho","Peixes",
"PJC","Armado","Peristedion cataphractum","Escacho armado","Peixes",
"GUR","Arete","Aspitrigla cuculus","Escacho cremalleira","Peixes",
"GUN","Garneo","Trigla lyra","Escacho de altura","Peixes",
"GUM","Arete aleton","Chelidonichthys obscurus","Escacho de pluma","Peixes",
"LEP","Cabete","Lepidotrigla dieuzeidei","Escacho espiñento","Peixes",
"LDV","Cabete","Lepidotrigla cavillone","Escacho rubio","Peixes",
"DYL","Golondrina","Dactylopterus volitans","Escacho voador","Peixes",
"LUH","Cacho","Leuciscus cephalus","Escalo do norte","Peixes",
"MZS","Rascacio de Madeira","Scorpaena maderensis","Escarapote de Madeira","Peixes",
"RSE","Cabracho","Scorpaena scrofa","Escarapote de pedra","Peixes",
"BBS","Rascacio","Scorpaena porcus","Escarapote de pintas","Peixes",
"SNQ","Escorpora","Scorpaena notata","Escarapote escorpión","Peixes",
"EZS","Gallineta rosada","Scorpaena elongata","Escarapote rosado","Peixes",
"LYY","Dragoncillo","Callionymus lyra","Escarpón","Peixes",
"LEC","Escolar negro","Lepidocybium flavobrunneum","Escolar negro o pez mantequilla","Peixes",
"FAS","Espadín austral","Sprattus fuegensis","Espadín austral","Peixes",
"CLK","Espadín del Ganges","Corica soborna","Espadín del Ganges","Peixes",
"YRS","Espeton","Sphyraena sphyraena","Espetón","Peixes",
"BVV","Espetón boca amarilla","Sphyraena viridensis","Espetón do cabo verde","Peixes",
"GTA","Espinoso","Gasterosteus aculeatus","Espiñoso europeo","Peixes",
"HUH","Esturión beluga","Huso huso","Esturión beluga","Peixes",
"AAA","Esturión del Adriático","Acipenser naccarii","Esturión del Adriático","Peixes",
"APG","Esturión del Danubio","Acipenser gueldenstaedtii","Esturión del Danubio","Peixes",
"APE","Esturión estrellado","Acipenser stellatus","Esturión estrellado","Peixes",
"APB","Esturión siberiano","Acipenser baerii","Esturión siberiano","Peixes",
"VIV","Vimba","Vimba vimba","Falsa carpa do báltico","Peixes",
"EEA","Falso abadejo","Epinephelus fasciatus","Falso abadejo","Peixes",
"BIB","Faneca","Trisopterus luscus","Faneca","Peixes",
"TOZ","Salvariego","Trachinus vipera","Faneca brava","Peixes",
"NOP","Faneca noruega","Trisopterus esmarkii","Faneca noruega","Peixes",
"SSB","Herrera","Lithognathus mormyrus","Ferreira","Peixes",
"RJO","Picon","Raja oxyrinchus","Ferreiro","Peixes",
"HAL","Fletán o halibut o halibut atlántico","Hippoglossus hippoglossus","Fletán branco","Peixes",
"GHL","Fletán negro o halibut negro","Reinhardtius hippoglossoides","Fletán negro","Peixes",
"CYO","Pailona o gata","Centroscymnus coelolepis","Foca","Peixes",
"CZI","Tollos, mielgas o cazones","Centroscymnus spp","Foca","Peixes",
"POD","Capellán","Trisopterus minutus","Fodon","Peixes",
"POK","Carbonero o fogonero o colín","Pollachius virens","Fogoneiro","Peixes",
"ABU","Fula","Abudefduf saxatilis","Fula","Peixes",
"HZL","Fula blanca","Chromis limbata","Fula blanca","Peixes",
"AUU","Fula negra","Abudefduf luridus","Fula negra","Peixes",
"LUM","Lumpo","Cyclopterus lumpus","Fumador","Peixes",
"PQY","Catalufa pintada","Priacanthus tayenus","Furavaso pintado","Peixes",
"REA","Urta","Pagrus auriga","Fusta","Peixes",
"SBS","Oblada","Oblada melanura","Galana","Peixes",
"USI","Gallano","Labrus mixtus","Gallano","Peixes",
"ZAC","Galleta","Antigonia capros","Galleta","Peixes",
"RED","Gallinetas","Sebastes spp","Gallineta","Peixes",
"IJP","Gallineta pinta","Helicolenus mouchezi","Gallineta pinta","Peixes",
"BVG","Gallineta toro o rascacio toro","Cottoperca gobio","Gallineta toro o rascacio toro","Peixes",
"QUB","Galludo","Squalus blainville","Galludo","Peixes",
"DOP","Galludo ñato","Squalus megalops","Galludo ñato","Peixes",
"AJA","Gamba de Arabia","Aristeus alcocki","Gamba","Crustáceos",
"GUS","Gamba","Parapenaeopsis atlantica","Gamba","Crustáceos",
"NAY","Gamba Kidi","Parapenaeopsis stylifera","Gamba","Crustáceos",
"NIS","Gamba","Penaeopsis serrata","Gamba","Crustáceos",
"NPP","Gambas","Parapenaeopsis spp","Gamba","Crustáceos",
"SKM","Gamba cabezona","Solenocera membranacea","Gamba","Crustáceos",
"SOJ","Gamba","Solenocera crassicornis","Gamba","Crustáceos",
"SOK","Gamba","Solenocera agassizii","Gamba","Crustáceos",
"SQH","Gamba","Solenocera melantho","Gamba","Crustáceos",
"YEU","Gambas","Trachypenaeus spp","Gamba","Crustáceos",
"NAP","Langostino tigre o langostino  de Malasia","Parapenaeopsis sculptilis","Gamba arco da vella","Crustáceos",
"DPS","Gamba, gamba blanca o gamba de altura","Parapenaeus longirostris","Gamba branca","Crustáceos",
"ASH","Gamba argentina","Artemesia longinaris","Gamba estilete arxentina","Crustáceos",
"ARV","Alistado","Aristeus varidens","Gamba listada","Crustáceos",
"KNS","Gambon de mozambique","Haliporoides triarthrus","Gamba navalla","Crustáceos",
"ARA","Gamba roja del mediterraneo","Aristeus antennatus","Gamba rosada","Crustáceos",
"ARS","Langostino moruno o chorizo","Aristaeomorpha foliacea","Gamba vermella","Crustáceos",
"LAA","Gambon o langostino austral","Pleoticus muelleri","Gamba vermella arxentina","Crustáceos",
"HZM","Gambones o langostinos australes","Hymenopenaeus spp","Gambón o langostino austral","Crustáceos",
"WPX","Gambones o langostinos australes","Pleoticus spp","Gambón o langostino austral","Crustáceos",
"SHL","Tollos lucero o cazones","Etmopterus spp","Gata","Peixes",
"ETX","Negrito","Etmopterus spinax","Gata común","Peixes",
"SCK","Lija o gata o mielga o cazon","Dalatias licha","Gata torpedo","Peixes",
"COB","Verrugato","Umbrina cirrosa","Gato de mar","Peixes",
"UBI","Gavilán","Lumbrineris impatiens","Gavilán","Poliquetos",
"UDP","Abeto marino","Undaria pinnatifida","Golfo","Algas",
"RNG","Granadero","Coryphaenoides rupestris","Granadeiro de rocha","Peixes",
"RHG","Granadero","Macrourus berglax","Granadeiro ollón","Peixes",
"CNK","Granadero","Coryphaenoides guentheri","Granadero","Peixes",
"CQF","Granadero","Coelorinchus fasciatus","Granadero","Peixes",
"GRV","Granadero","Macrourus spp","Granadero","Peixes",
"MCH","Granadero ojisapo","Macrourus holotrachys","Granadero ojisapo","Peixes",
"NBO","Guabina","Nebris occidentalis","Guabina","Peixes",
"RBC","Guitarra de morro negro","Rhinobatos cemiculus","Guitarra de morro negro","Peixes",
"NEH","Gusana blanca","Nephtys hombergii","Gusana blanca","Poliquetos",
"YSL","Halibut carioca","Paralichthys brasiliensis","Halibut carioca","Peixes",
"ARF","Halibut de alaska","Atheresthes stomias","Halibut de Alaska","Peixes",
"BAH","Halibut del Japón","Paralichthys olivaceus","Halibut del Japón","Peixes",
"HAP","Halibut del pacífico o fletán del pacífico","Hippoglossus stenolepis","Halibut del Pacífico o fletán del Pacífico","Peixes",
"PSB","Halibut espinoso","Psettodes bennettii","Halibut espinoso","Peixes",
"QPP","Halibut patagón","Paralichthys patagonicus","Halibut patagón","Peixes",
"YSV","Halibut tropical","Paralichthys isosceles","Halibut tropical","Peixes",
"KCB","Jaiba de roca dientuda","Cancer bellianus","Jaiba de roca dientuda","Crustáceos",
"QPR","Jaiba limón","Cancer porteri","Jaiba limón","Crustáceos",
"PVQ","Jaiba satinada","Portunus validus","Jaiba satinada","Crustáceos",
"FAL","Jaqueta","Carcharhinus falciformis","Jaqueta","Peixes",
"CVJ","Jurel caballo","Caranx hippos","Jurel caballo","Peixes",
"YGM","Juyón","Pachygrapsus marmoratus","Juyón","Crustáceos",
"KRX","Krill","Euphausia spp","Krill","Crustáceos",
"SDR","Lagarto","Synodus saurus","Lagarto","Peixes",
"DYZ","Lagarto capitán","Synodus synodus","Lagarto capitán","Peixes",
"SLO","Langosta","Palinurus elephas","Lagosta","Crustáceos",
"LBC","Langosta del cabo o langosta","Jasus lalandii","Lagosta do cabo","Crustáceos",
"PSL","Langosta mora","Palinurus mauritanicus","Lagosta moura","Crustáceos",
"LOY","Langosta real","Panlinurus regius","Lagosta verde","Crustáceos",
"TGS","Langostino mediterraneo","Penaeus kerathurus","Lagostino","Crustáceos",
"PNI","Langostino banana","Penaeus indicus","Lagostino branco da India","Crustáceos",
"CSP","Langostino cristal","Penaeus brevirostris","Lagostino cristal","Crustáceos",
"RCW","Cangrejo de las marismas","Procambarus clarkii","Lagostino de rio vermello","Crustáceos",
"PNV","Langostino vannamei o langostino blanco","Penaeus vannamei","Lagostino patibranca","Crustáceos",
"WKP","Langostino marfil o banana o  australiano","Penaeus latisulcatus","Lagostino real","Crustáceos",
"SOP","Langostino blanco","Penaeus notialis","Lagostino rosado do sur","Crustáceos",
"PRB","Langostino tigre","Penaeus esculentus","Lagostino tigre castaño","Crustáceos",
"EKU","Langostino tigre","Penaeus canaliculatus","Lagostino tigre oriental","Crustáceos",
"TIP","Langostino banana","Penaeus semisulcatus","Lagostino tigre verde","Crustáceos",
"KUP","Langostino tigre","Penaeus japonicus","Lagostino xaponés","Crustáceos",
"GIT","Langostino jumbo","Penaeus monodon","Lagostino xigante","Crustáceos",
"LAU","Lamprea","Petromyzon marinus","Lamprea de mar","Peixes",
"NUG","Langosta verde","Panulirus gracilis","Langosta barbona","Crustáceos",
"SLC","Langosta del Caribe","Panulirus argus","Langosta del Caribe","Crustáceos",
"PJH","Langosta del perú","Projasus bahamondei","Langosta del Perú","Crustáceos",
"NUE","Langosta herreña","Panulirus echinatus","Langosta herreña","Crustáceos",
"NUL","Langosta verde","Panulirus laevicauda","Langosta verde","Crustáceos",
"UEX","Langostillas","Munida spp","Langostilla","Crustáceos",
"LQL","Langostilla roja","Pleuroncodes planipes","Langostilla roja","Crustáceos",
"MET","Langostinos","Metapenaeus spp","Langostino","Crustáceos",
"PEN","Langostinos","Penaeus spp","Langostino","Crustáceos",
"PNB","Langostino","Penaeus brasiliensis","Langostino","Crustáceos",
"PNU","Langostino","Penaeus subtilis","Langostino","Crustáceos",
"MPN","Langostino banana","Metapenaeus monoceros","Langostino banana","Crustáceos",
"PBA","Langostino banana","Penaeus merguiensis","Langostino banana","Crustáceos",
"APS","Langostino rosado","Penaeus duorarum","Langostino rosado","Crustáceos",
"QTV","Lapa","Patella vulgata","Lapa común","Gasterópodos",
"WPT","Lapa negra","Patella tenuis","Lapa negra","Gasterópodos",
"LQY","Lapa aspera","Patella ulyssiponensis","Lapa peluda o lapa porcelana","Gasterópodos",
"LQR","Lapa punteada","Patella rustica","Lapa rústica","Gasterópodos",
"YQF","Lengua de Ghana","Cynoglossus cadenati","Lengua de Ghana","Peixes",
"WZA","Lenguado de Guinea","Pegusa cadenati","Lenguado de Guinea","Peixes",
"YNY","Lenguado de Guinea","Synaptura cadenati","Lenguado de Guinea","Peixes",
"KSY","Lenguado de klein","Synapturichthys kleinii","Lenguado de Klein","Peixes",
"YMW","Lenguado de profundidad","Bathysolea profundicola","Lenguado de profundidad","Peixes",
"OAM","Lenguado del adriático","Solea impar","Lenguado del Adriático","Peixes",
"EGY","Lenguado egipcio","Solea aegyptiaca","Lenguado egipcio","Peixes",
"OIG","Lenguado maorí","Colistium guntheri","Lenguado maorí","Peixes",
"NBG","Lenguado pelícano","Chascanopsetta lugubris","Lenguado pelícano","Peixes",
"WIO","Lenguado tres monedas","Pegusa triophthalma","Lenguado tres monedas","Peixes",
"ALN","Lija azul","Aluterus scriptus","Lija azul","Peixes",
"AVH","Lija gallo","Aluterus heudelotii","Lija gallo","Peixes",
"FIK","Lija áspera","Stephanolepis hispidus","Lija áspera","Peixes",
"YEL","Limanda amarilla","Limanda ferruginea","Limanda amarela","Peixes",
"YAM","Limanda del Canal","Syacium micrurum","Limanda del canal","Peixes",
"DAB","Limanda","Limanda limanda","Limanda o lenguadina","Peixes",
"YES","Limanda japonesa","Limanda aspera","Limanda áspera","Peixes",
"YOI","Lengua de canarias","Cynoglossus canariensis","Lingua das canarias","Peixes",
"YOW","Lengua nigeriana","Cynoglossus browni","Lingua de nixeria","Peixes",
"YOE","Lengua senegalesa","Cynoglossus senegalensis","Lingua de Senegal","Peixes",
"SOL","Lenguado europeo","Solea solea","Linguado","Peixes",
"SOE","Lenguado del cabo","Austroglossus pectoralis","Linguado austral do leste","Peixes",
"SOW","Lenguado del sur","Austroglossus microlepis","Linguado austral do oeste","Peixes",
"SOS","Lenguado de arena","Solea lascaris","Linguado de area","Peixes",
"ZNZ","Lenguado de Nueva Zelanda","Peltorhamphus novaezeelandiae","Linguado de nova celandia","Peixes",
"OAL","Lenguado senegalés o lenguado rubio","Solea senegalensis","Linguado de pintas","Peixes",
"SOT","Halibut perro","Psettodes belcheri","Linguado espiñoso de cola manchada","Peixes",
"EOL","Lenguado limon austral","Pelotretis flavilatus","Linguado limón austral","Peixes",
"YNU","Lenguado portugues","Synaptura lusitanica","Linguado portugués","Peixes",
"MHH","Lenguado velludo","Monochirus hispidus","Linguado velludo","Peixes",
"WHB","Bacaladilla","Micromesistius poutassou","Lirio","Peixes",
"POS","Bacaladilla austral o polaca austral","Micromesistius australis","Lirio austral","Peixes",
"GSM","Tambor","Buglossidium luteum","Lirpa","Peixes",
"MRK","Tambor real","Microchirus ocellatus","Lirpia ocelada","Peixes",
"MKG","Golleta","Microchirus variegatus","Lirpia raiada","Peixes",
"MLR","Lisa","Chelon labrosus","Lisa","Peixes",
"GUP","Quelve","Centrophorus granulosus","Lixa de lei","Peixes",
"GUQ","Quelvacho","Centrophorus squamosus","Lixa negra","Peixes",
"CWO","Quelvachos, gatas, mielgas o cazones","Centrophorus spp","Lixas","Peixes",
"BTB","Locha de roca","Barbatula barbatula","Locha da pedra","Peixes",
"LEG","Locha guntea","Lepidocephalichthys guntea","Locha guntea","Peixes",
"SNE","Loco","Concholepas concholepas","Loco","Gasterópodos",
"EQI","Muergo","Ensis siliqua","Longueirón","Bivalvos",
"ONK","Longueirón","Solen lamarckii","Longueirón","Bivalvos",
"RAE","Longueirón","Solen marginatus","Longueirón vello","Bivalvos",
"GOB","Gobios","Gobius spp","Lorcho","Peixes",
"YTN","Góbido de cristal","Crystallogobius linearis","Lorcho cristal","Peixes",
"FIM","Chanquete","Aphia minuta","Lorcho transparente","Peixes",
"EDE","Caboti","Pseudaphya ferreri","Lorxo pelaxico","Peixes",
"BAJ","Lubina japonesa","Lateolabrax japonicus","Lubina japonesa","Peixes",
"STB","Lubina rayada","Morone saxatilis","Lubina rayada","Peixes",
"LJA","Luciano","Lutjanus agennes","Luciano","Peixes",
"FPI","Lucio","Esox lucius","Lucio","Peixes",
"STP","Lucioperca","Sander spp","Lucioperca","Peixes",
"LBE","Bogavante europeo","Homarus gammarus","Lumbrigante","Crustáceos",
"LBA","Bogavante americano","Homarus americanus","Lumbrigante americano","Crustáceos",
"UMP","Luna de la India","Amusium pleuronectes","Luna de la India","Bivalvos",
"SQC","Calamares o chipirones o puntillas","Loligo spp","Lura","Cefalópodos",
"SQR","Calamar o calamar europeo","Loligo vulgaris","Lura","Cefalópodos",
"OJH","Calamar o puntilla de china","Loligo chinensis","Lura chinesa","Cefalópodos",
"SQF","Calamar veteado","Loligo forbesi","Lura colorada","Cefalópodos",
"SQL","Calamar de boston","Loligo pealeii","Lura de Boston","Cefalópodos",
"SQO","Calamar de monterrey o calamar de california","Loligo opalescens","Lura de Monterrei","Cefalópodos",
"UHL","Calamar del arrecife","Sepioteuthis lessoniana","Lura do arrecife","Cefalópodos",
"CHO","Calamar del cabo","Loligo reynaudii","Lura do cabo","Cefalópodos",
"OJD","Calamar de la india","Loligo duvauceli","Lura do Indico","Cefalópodos",
"OJJ","Calamar japones o puntilla de japon","Loligo japonica","Lura xaponesa","Cefalópodos",
"LVM","Luvaro","Luvarus imperialis","Luvaro","Peixes",
"LAG","Luna real o gitana","Lampris guttatus","Lúa real","Peixes",
"MSD","Macarela","Decapterus macarellus","Macarela","Peixes",
"CLM","Macha","Mesodesma donacium","Macha","Bivalvos",
"CKI","Machuelo araucano","Strangomera bentincki","Machuelo araucano","Peixes",
"LCM","Barbada o madreanguila","Ciliata mustela","Madrela","Peixes",
"BLP","Marujitos o nototenias","Eleginops maclovinus","Mamona","Peixes",
"RMM","Manta","Mobula mobular","Manta","Peixes",
"RMT","Manta cornuda","Mobula tarapacana","Manta cornuda","Peixes",
"RGL","Mantellina","Gymnura altavela","Mantellina","Peixes",
"MTS","Galera","Squilla mantis","Mantis","Crustáceos",
"USB","Maragota","Labrus bergylta","Maragota","Peixes",
"IFJ","Mariquita europea","Grapsus adscensionis","Mariquita europea","Crustáceos",
"BUM","Marlin azul","Makaira nigricans","Marlín azul","Peixes",
"WHM","Aguja blanca del atlantico","Tetrapturus albidus","Marlín branco","Peixes",
"MLS","Marlín rayado","Tetrapturus audax","Marlín rayado","Peixes",
"SSP","Marlín trompa","Tetrapturus angustirostris","Marlín trompa","Peixes",
"KTT","Corruco o langostillo","Acanthocardia tuberculata","Marolo","Bivalvos",
"LMA","Marrajo carite","Isurus paucus","Marrajo carite","Peixes",
"SMA","Marrajo","Isurus oxyrinchus","Marraxo azul","Peixes",
"POR","Marrajo sardinero","Lamna nasus","Marraxo sardiñeiro","Peixes",
"LIN","Maruca","Molva molva","Maruca","Peixes",
"SLI","Maruca española","Molva macrophthalma","Maruca do Mediterráneo","Peixes",
"PAT","Nototenia coluda","Patagonotothen ramsayi","Marujito o nototenia coluda","Peixes",
"AMJ","Medregal","Seriola quinqueradiata","Medregal","Peixes",
"YTL","Medregal","Seriola rivoliana","Medregal","Peixes",
"DGS","Mielga","Squalus acanthias","Melga","Peixes",
"SYC","Pintarroja","Scyliorhinus canicula","Melgacho","Peixes",
"BLT","Melva","Auxis rochei","Melva","Peixes",
"FRI","Melva","Auxis thazard","Melva","Peixes",
"MIP","Solla del pacífico","Microstomus pacificus","Mendo do Pacífico","Peixes",
"LEM","Mendo limón","Microstomus kitt","Mendo limón","Peixes",
"WHG","Merlán","Merlangius merlangus","Merlan","Peixes",
"MRC","Merluza de cola","Macruronus capensis","Merluza de cola","Peixes",
"BWA","Mero antártico azul","Hyperoglyphe antarctica","Mero antártico azul","Peixes",
"GPW","Cherna de ley","Epinephelus aeneus","Mero branco","Peixes",
"EEG","Mero castaño","Epinephelus goreensis","Mero castaño","Peixes",
"MKU","Gitano","Mycteroperca rubra","Mero de manchas","Peixes",
"EPK","Falso abade","Epinephelus costae","Mero dourado","Peixes",
"ELD","Mero espinudo","Epinephelus diacanthus","Mero espinudo","Peixes",
"MAR","Mero malabárico","Epinephelus malabaricus","Mero malabárico","Peixes",
"EFK","Mero medioluto","Epinephelus bleekeri","Mero medioluto","Peixes",
"EPF","Mero oliva","Epinephelus cifuentesi","Mero oliva","Peixes",
"GPD","Mero","Epinephelus marginatus","Mero oscuro","Peixes",
"BSZ","Mero sureño","Acanthistius brasilianus","Mero sureño","Peixes",
"EET","Mero guaza","Epinephelus itajara","Mero tigre","Peixes",
"EFJ","Cherne denton","Epinephelus caninus","Mero xigante","Peixes",
"MYC","Mejillón de chile o chorito","Mytilus chilensis","Mexillon chileno","Bivalvos",
"MSM","Mejillón","Mytilus galloprovincialis","Mexillón","Bivalvos",
"MUS","Mejillon","Mytilus edulis","Mexillón atlántico","Bivalvos",
"MSL","Mejillón del Pacífico","Perna perna","Mexillón das canárias","Bivalvos",
"MUZ","Mejillon verde","Perna canaliculus","Mexillón de nova celandia","Bivalvos",
"NER","Gusana fina","Nereis diversicolor","Miñoca","Poliquetos",
"ARM","Coco","Arenicola marina","Miñoca de area","Poliquetos",
"DIN","Gusana de tubo","Diopatra neapolitana","Miñoca de tubo","Poliquetos",
"LPH","Moranella de günter","Lepidion guentheri","Moranella de günter","Peixes",
"LPJ","Moranella roja","Lepidion lepidion","Moranella roja","Peixes",
"MMH","Morena","Muraena helena","Morea","Peixes",
"AGD","Morena","Gymnothorax maderensis","Morena","Peixes",
"AGK","Morena","Gymnothorax unicolor","Morena","Peixes",
"AWG","Morena","Gymnothorax afer","Morena","Peixes",
"AWM","Morena","Enchelycore anatina","Morena","Peixes",
"MWK","Morena","Muraena augusti","Morena","Peixes",
"SSK","Morena","Synaphobranchus kaupii","Morena","Peixes",
"DPC","Morenocio dentón","Muraenesox cinereus","Morenocio dentón","Peixes",
"QOS","Morruncho","Ostreola stentina","Morruncho","Bivalvos",
"AWB","Murión","Gymnothorax bacalladoi","Murión","Peixes",
"DMH","Musgo de córcega","Alsidium helminthochorton","Musgo de Córcega","Algas",
"MPT","Musola de manchas negras","Mustelus punctulatus","Musola de manchas negras","Peixes",
"MUU","Musola segadora","Mustelus lunulatus","Musola segadora","Peixes",
"MGC","Morragute","Liza ramada","Muxo beizos finos","Peixes",
"MUF","Mugil","Mugil cephalus","Muxo cabezudo","Peixes",
"MGA","Galupe o lisa","Liza aurata","Muxo dourado","Peixes",
"LZS","Galua","Liza saliens","Muxo saltón gris","Peixes",
"ODL","Caluga","Oedalechilus labeo","Muxo xabón","Peixes",
"PJR","Perca de mar","Pinguipes brasilianus","Namorado","Peixes",
"NSQ","Margarita","Nassarius mutabilis","Nasa lisa","Gasterópodos",
"EQH","Navaja macha","Ensis macha","Navaja macha","Bivalvos",
"TGZ","Navajuela del Pacífico","Tagelus dombeii","Navajuela del Pacífico","Bivalvos",
"EQK","Navaja","Ensis magnus","Navalla","Bivalvos",
"CLR","Navaja americana","Ensis directus","Navalla americana","Bivalvos",
"EQE","Navaja recta","Ensis ensis","Navalla curva","Bivalvos",
"GTX","Tramas o nototenias o marujitos","Patagonotothen spp","Nototenias","Peixes",
"NHY","Doradillos o nototenias","Paranotothenia spp","Nototenias","Peixes",
"LIO","Nécora","Necora puber","Nécora","Crustáceos",
"MQL","Necora nudosa","Macropipus tuberculatus","Nécora de nós","Crustáceos",
"POI","Obispo","Pontinus kuhlii","Obispo","Peixes",
"BOC","Ochavo","Capros aper","Ochavo","Peixes",
"ULF","Ojo de piedra","Aulopus filamentosus","Ojo de piedra","Peixes",
"GHA","Olayo Atlántico","Galeus atlanticus","Olayo Atlántico","Peixes",
"SBR","Besugo","Pagellus bogaraveo","Ollomol","Peixes",
"BOE","Oreo negro","Allocyttus niger","Oreo negro","Peixes",
"NOW","Ortiguilla","Anemonia sulcata","Ortiguilla","Resto das descargas",
"OYF","Ostra","Ostrea edulis","Ostra","Bivalvos",
"OYA","Ostra virginica o americana","Crassostrea virginica","Ostra americana","Bivalvos",
"OYG","Ostra rizada","Magallana gigas","Ostra rizada","Bivalvos",
"URM","Erizo de mar","Paracentrotus lividus","Ourizo","Equinodermos",
"URS","Erizo europeo","Echinus esculentus","Ourizo comestible","Equinodermos",
"FKG","Erizo violaceo","Sphaerechinus granularis","Ourizo mourado","Equinodermos",
"UKB","Erizo negro","Arbacia lixula","Ourizo negro","Equinodermos",
"JDP","Chucho","Dasyatis pastinaca","Ouxa común","Peixes",
"EJ0","Huevas de choquito","Sepia elegans","Ovas de choquiño","Cefalópodos",
"LI0","Huevas de Maruca","Molva molva","Ovas de Maruca","Resto das descargas",
"HK0","Huevas de merluza","Merluccius merluccius","Ovas de pescada","Resto das descargas",
"CSO","Pacú","Piaractus mesopotamicus","Pacú","Peixes",
"POO","Palometa oriental","Trachinotus blochii","Palometa oriental","Peixes",
"SIP","Palometa plateada","Pampus argenteus","Palometa plateada","Peixes",
"LEE","Palometón","Lichia amia","Palometón","Peixes",
"TMB","Pampanito","Stromateus brasiliensis","Pampanito","Peixes",
"BLB","Pámpano","Stromateus fiatola","Pampo azul","Peixes",
"POP","Palometa blanca","Trachinotus ovatus","Pampo branco","Peixes",
"LWX","Panchitos","Pristipomoides spp","Panchito","Peixes",
"SBA","Aligote","Pagellus acarne","Pancho bicudo","Peixes",
"PRR","Vieja colorada","Sparisoma cretense","Papagaio vello","Peixes",
"AGI","Papuda/morena papuda","Gymnothorax polygonius","Papuda/morena papuda","Peixes",
"LJS","Pargo de la mancha","Lutjanus guttatus","Pargo de la mancha","Peixes",
"LWP","Pargo peruano","Lutjanus peru","Pargo peruano","Peixes",
"REV","Pargo rosado","Pagrus major","Pargo rosado","Peixes",
"MAL","Pargo rojo","Lutjanus malabaricus","Pargo vermello","Peixes",
"PAO","Parona o palometa parona","Parona signata","Parona","Peixes",
"RTB","Pastinaca negra","Taeniura grabata","Pastinaca negra","Peixes",
"QPH","Patelo","Polybius henslowii","Patexo","Crustáceos",
"IOD","Falsa necora","Liocarcinus depurator","Patulate","Crustáceos",
"CMN","Peine de China","Chlamys nobilis","Peine de China","Bivalvos",
"AGN","Angelote","Squatina squatina","Peixe anxo","Peixes",
"WEG","Escorpión","Trachinus draco","Peixe araña","Peixes",
"TZA","Araña","Trachinus araneus","Peixe araña de pintas","Peixes",
"TZR","Vibora","Trachinus radiatus","Peixe araña raiado","Peixes",
"CBC","Pez cinta","Cepola macrophthalma","Peixe cinta","Peixes",
"CBT","Pez gato","Clarias batrachus","Peixe gato","Peixes",
"CLZ","Tinto","Clarias gariepinus","Peixe gato norteafricano","Peixes",
"AMB","Pez de limón","Seriola dumerili","Peixe limón","Peixes",
"RLR","Medregal","Seriola carpenteri","Peixe limón de Guinea","Peixes",
"YTC","Medregal","Seriola lalandi","Peixe limón do cabo","Peixes",
"RLF","Medregal","Seriola fasciata","Peixe limón listado","Peixes",
"GSK","Tiburón boreal","Somniosus microcephalus","Peixe momo","Peixes",
"STZ","Rape de nueva zelanda","Kathetostoma giganteum","Peixe monxe xigante","Peixes",
"CEO","Romerillo","Centrolophus niger","Peixe negro","Peixes",
"BLI","Maruca azul","Molva dypterygia","Peixe pau","Peixes",
"NAU","Pez piloto","Naucrates ductor","Peixe piloto","Peixes",
"TRG","Pez ballesta","Balistes carolinensis","Peixe porco","Peixes",
"ALM","Pez unicornio","Aluterus monoceros","Peixe porco unicornio","Peixes",
"OXN","Cerdo marino","Oxynotus paradoxus","Peixe porco veleiro","Peixes",
"XHK","Chanquete chino","Neosalanx tangkahkeii","Peixe pratino oriental","Peixes",
"ODR","Pejerrey chileno","Odontesthes regia","Peixe rei austral","Peixes",
"LHT","Pez sable","Trichiurus lepturus","Peixe sabre","Peixes",
"BDL","Sable alargado","Benthodesmus elongatus","Peixe sabre alongado","Peixes",
"BSF","Sable negro","Aphanopus carbo","Peixe sabre negro","Peixes",
"SFS","Pez cinto","Lepidopus caudatus","Peixe sabre prateado","Peixes",
"ANK","Rape negro","Lophius budegassa","Peixe sapo","Peixes",
"MNZ","Rapes","Lophius spp","Peixe sapo","Peixes",
"MVA","Rape africano","Lophius vaillanti","Peixe sapo africano","Peixes",
"ANG","Rape americano o de boston","Lophius americanus","Peixe sapo americano","Peixes",
"MVO","Rape del cabo","Lophius vomerinus","Peixe sapo do cabo","Peixes",
"LHU","Rape del pacífico","Lophiodes caulinaris","Peixe sapo do Pacífico","Peixes",
"HDR","Golondrina de mar","Hirundichthys rondeletii","Peixe voador","Peixes",
"SSI","Pez hielo o draco","Chaenocephalus aceratus","Peixe xeo antártico","Peixes",
"SWO","Pez espada o emperador","Xiphias gladius","Peixe-espada","Peixes",
"PTM","Peje camello","Pseudotriakis microdon","Peje camello","Peixes",
"MPO","Peje obispo","Pteromylaeus bovinus","Peje obispo","Peixes",
"AGQ","Peje trompeta","Aulostomus strigosus","Peje trompeta","Peixes",
"TMP","Peje verde","Thalassoma pavo","Peje verde","Peixes",
"IVD","Pejeperro","Bodianus scrofa","Pejeperro","Peixes",
"CZT","Pejepuerco oceánico","Canthidermis sufflamen","Pejepuerco oceánico","Peixes",
"QHE","-","Osmundea pinnatifida","Pementa de mar","Algas",
"HLT","Oreja de mar","Haliotis tuberculata","Peneira","Gasterópodos",
"MPS","Perca americana","Micropterus salmoides","Perca americana común","Peixes",
"UPR","Perca de mar argentina","Pseudopercis semifasciata","Perca de mar argentina","Peixes",
"NIP","Perca del nilo","Lates niloticus","Perca do Nilo","Peixes",
"GIP","Perca gigante o barramundi","Lates calcarifer","Perca gigante o barramundi","Peixes",
"FPC","Perca koi","Anabas testudineus","Perca koi","Peixes",
"PCB","Percebe","Pollicipes pollicipes","Percebe","Crustáceos",
"ZPP","Percebe canadiense","Pollicipes polymerus","Percebe canadiense","Crustáceos",
"ZPE","Percebe del Pacífico","Pollicipes elegans","Percebe do Pacífico","Crustáceos",
"HKE","Merluza o merluza europea","Merluccius merluccius","Pescada","Peixes",
"HKX","Merluzas o pescadillas","Merluccius spp","Pescada","Peixes",
"HKP","Merluza argentina o sudamericana","Merluccius hubbsi","Pescada arxentina","Peixes",
"HKN","Merluza austral o merluza de Chile o m. sureña","Merluccius australis","Pescada austral","Peixes",
"HKB","Merluza negra o merluza de angola","Merluccius polli","Pescada de Angola","Peixes",
"HKS","Merluza americana o plateada","Merluccius bilinearis","Pescada de Boston","Peixes",
"PHA","Merluza del Peru o gayi","Merluccius gayi","Pescada de Chile","Peixes",
"GRM","Merluza de cola patagonica","Macruronus magellanicus","Pescada de cola austral","Peixes",
"GRN","Merluza de cola o merluza de cola azul","Macruronus novaezelandiae","Pescada de cola azul","Peixes",
"HKO","Merluza del cabo o m.de altura","Merluccius paradoxus","Pescada de fondo de sudafrica","Peixes",
"HKM","Merluza negra o merluza del Senegal","Merluccius senegalensis","Pescada de Senegal","Peixes",
"HKK","Merluza del Cabo","Merluccius capensis","Pescada do cabo","Peixes",
"NHA","Merluza del pacifico","Merluccius productus","Pescada do Pacífico norte","Peixes",
"TOP","Róbalo de fondo","Dissostichus eleginoides","Pescada negra","Peixes",
"WAH","Peto","Acanthocybium solandri","Peto da India","Peixes",
"PGS","Panga","Pangasianodon hypophthalmus","Pexie gato tailandés","Peixes",
"ANI","Pez hielo rayado o draco rayado","Champsocephalus gunnari","Pexie xeo raiado","Peixes",
"QZQ","Pez ballesta australiano","Paramonacanthus choirocephalus","Pez ballesta australiano","Peixes",
"KSE","Pez ballesta chino","Thamnaconus septentrionalis","Pez ballesta chino","Peixes",
"TSU","Pez conejo o pez rata","Trachyrincus scabrus","Pez conejo o pez rata","Peixes",
"BTN","Pez diablo","Bathophilus nigerrimus","Pez diablo","Peixes",
"LGH","Pez globo","Lagocephalus lagocephalus","Pez globo","Peixes",
"RBX","Pez guitarra","Rhinobatos rhinobatos","Pez guitarra","Peixes",
"SZX","Peces lagarto","Saurida spp","Pez lagarto","Peixes",
"UVB","Pez loro de guinea","Scarus hoefleri","Pez loro de Guinea","Peixes",
"HUO","Pez mariposa","Ephippus orbis","Pez mariposa","Peixes",
"SVH","Pez sable savalai","Lepturacanthus savala","Pez sable savalai","Peixes",
"FSS","Pez serpiente rayado","Channa striata","Pez serpiente rayado","Peixes",
"ECE","Pez volador","Cheilopogon heterurus","Pez volador","Peixes",
"ATP","Abichón","Atherina presbyter","Piarda común","Peixes",
"ATB","Pejerrey","Atherina boyeri","Piarda do mediterráneo","Peixes",
"AHH","Chucleto","Atherina hepsetus","Piarda rei","Peixes",
"SDH","Picopato","Deania hystricosa","Picopato","Peixes",
"TAK","Pintadilla","Nemadactylus macropterus","Pintadilla","Peixes",
"SHO","Pintarroja bocanegra","Galeus melastomus","Pintarroja bocanegra","Peixes",
"ARY","Peón","Argentina sphyraena","Pión de altura","Peixes",
"ARU","Pión de altura","Argentina silus","Pión de altura dourado","Peixes",
"RMP","Platija de Nueva Zelanda","Rhombosolea plebeia","Platija de Nueva Zelanda","Peixes",
"ROF","Platija de Nueva Zelanda","Rhombosolea leporina","Platija de Nueva Zelanda","Peixes",
"ROS","Platija del pacífico","Lepidopsetta bilineata","Platija del Pacífico","Peixes",
"FTS","Platija japonesa","Hippoglossoides elassodon","Platija japonesa","Peixes",
"NYR","Platija tresojos","Ancylopsetta dendritica","Platija tresojos","Peixes",
"PLA","Platija americana","Hippoglossoides platessoides","Platuxa americana","Peixes",
"OCC","Pulpo","Octopus vulgaris","Polbo","Cefalópodos",
"EDT","Pulpo almizclado","Eledone moschata","Polbo almiscrado","Cefalópodos",
"OCN","Pulpo patudo","Octopus macropus","Polbo branco manchado","Cefalópodos",
"EOI","Pulpo blanco","Eledone cirrhosa","Polbo cabezón","Cefalópodos",
"OFY","Pulpito oriental","Octopus fangsiao","Polbo chinés","Cefalópodos",
"QDM","Pulpo burlón","Octopus mimus","Polbo do Pacífico","Cefalópodos",
"EZM","Pulpo dormilón","Enteroctopus megalocyathus","Polbo encarnado","Cefalópodos",
"OQU","Pulpito oriental","Octopus dollfusi","Polbo oriental","Cefalópodos",
"OQF","Pulpo gigante del Pacífico","Octopus dofleini","Polbo xigante do Pacífico","Cefalópodos",
"ILL","Potas o voladores","Illex spp","Pota","Cefalópodos",
"OMM","Potas o voladores","Ommastrephes spp","Pota","Cefalópodos",
"QND","Potas o voladores","Nototodarus spp","Pota","Cefalópodos",
"QSX","Potas o voladores","Todarodes spp","Pota","Cefalópodos",
"SQA","Pota argentina","Illex argentinus","Pota arxentina","Cefalópodos",
"SQM","Volador","Illex coindetii","Pota común","Cefalópodos",
"YMO","Pota cárdena","Sthenoteuthis oualaniensis","Pota cárdena","Cefalópodos",
"TSQ","Pota neozelandesa","Nototodarus sloanii","Pota de nova celandia","Cefalópodos",
"OFE","Pota naranja","Sthenoteuthis pteropus","Pota naranja","Cefalópodos",
"YTW","Potas o voladores","Berryteuthis spp","Pota o volador","Cefalópodos",
"TDQ","Pota costera","Todaropsis eblanae","Pota pequena","Cefalópodos",
"OFJ","Pota saltadora","Ommastrephes bartrami","Pota saltadora","Cefalópodos",
"SQI","Pota","Illex illecebrosus","Pota voadora","Cefalópodos",
"SQJ","Pota japonesa","Todarodes pacificus","Pota xaponesa","Cefalópodos",
"GIS","Poton del pacifico","Dosidicus gigas","Potón del Pacífico","Cefalópodos",
"OMZ","Potas o voladores o potones","Ommastrephidae","Potóns","Cefalópodos",
"RPG","Pargo","Pagrus pagrus","Prago","Peixes",
"SNA","Pargos amarillos o australianos o azules","Lutjanus spp","Prago","Peixes",
"LJE","Pargo marrón africano","Lutjanus dentatus","Prago castaño","Peixes",
"LJN","Pargo criollo","Lutjanus analis","Prago criollo","Peixes",
"SNY","Rabirrubia","Ocyurus chrysurus","Prago de cola amarela","Peixes",
"CMV","Pez pluma","Calamus calamus","Prago de pluma","Peixes",
"LJI","Pargo gris o caballerote","Lutjanus griseus","Prago gris","Peixes",
"BSC","Zapata","Pagrus caeruleostictus","Prago sémola","Peixes",
"OQC","Pulpo azulón","Octopus cyaneus","Pulpo azulón","Cefalópodos",
"VAZ","Pulpo de Ángel","Velodona togata","Pulpo de ángel","Cefalópodos",
"OCW","Pulpo kraken","Octopus neglectus","Pulpo kraken","Cefalópodos",
"OQY","Pulpo maya","Octopus maya","Pulpo maya","Cefalópodos",
"OQR","Pulpo membranoso","Octopus membranaceus","Pulpo membranoso","Cefalópodos",
"OUW","Puntillas","Alloteuthis spp","Puntilla","Cefalópodos",
"OUK","Calamarin africano","Alloteuthis africana","Puntilla africana","Cefalópodos",
"OUL","Calamarin picudo","Alloteuthis subulata","Puntilla común","Cefalópodos",
"OUM","Calamarín menor","Alloteuthis media","Puntilla pequena","Cefalópodos",
"WPM","Pámpano mediano","Peprilus medius","Pámpano de Pacífico","Peixes",
"BSH","Tintorera o Caella","Prionace glauca","Quenlla","Peixes",
"RCT","Quimera arpón","Rhinochimaera atlantica","Quimera arpón","Peixes",
"HYD","Quimeras borrico","Hydrolagus spp","Quimera borrico","Peixes",
"CHJ","Quimera elefante","Callorhinchus callorynchus","Quimera elefante","Peixes",
"HCR","Quimera picuda o quimera","Harriotta raleighana","Quimera elefante","Peixes",
"OFI","Camaron espinoso","Pontophilus spinosus","Quisquilla espiñosa","Crustáceos",
"GKL","Almendra de mar","Glycymeris glycymeris","Rabioso","Bivalvos",
"GCC","Almeja tonta","Glycymeris violacescens","Rabioso de lama","Bivalvos",
"GCJ","Almendra peluda","Glycymeris pilosa","Rabioso peludo","Bivalvos",
"TIF","Rabirrubia canela","Paranthias furcifer","Rabirrubia canela","Peixes",
"EIK","Cangrejo moruno","Eriphia verrucosa","Rabuda","Crustáceos",
"SKA","Rayas","Raja spp","Raia","Peixes",
"RJB","Noriega","Raja batis","Raia bicuda","Peixes",
"RJE","Raya de ojos","Raja microocellata","Raia coreada","Peixes",
"RJC","Raya de clavos","Raja clavata","Raia cravuda","Peixes",
"RJI","Raya falsa vela","Raja circularis","Raia de círculos","Peixes",
"JAI","Raya de espejos","Raja miraletus","Raia de espellos","Peixes",
"RJM","Raya pintada","Raja montagui","Raia de pintas","Peixes",
"JRE","Raya del sur","Rajella barnardi","Raia do sur","Peixes",
"RJF","Raya cardadora","Raja fullonica","Raia espiñeta","Peixes",
"JFV","Raya leopardo","Raja leopardus","Raia leopardo","Peixes",
"RJS","Raya lisa","Malacoraja senta","Raia lisa","Peixes",
"RJU","Raya mosaico","Raja undulata","Raia riscada","Peixes",
"DPV","Raya volantín","Zearaja chilensis","Raia volantín","Peixes",
"LEZ","Gallos","Lepidorhombus spp","Rapante","Peixes",
"MEG","Gallo del norte","Lepidorhombus whiffiagonis","Rapante","Peixes",
"LDB","Gallo","Lepidorhombus boscii","Rapante de manchas","Peixes",
"OUB","Podas","Bothus podas","Rapapelo de ollos grandes","Peixes",
"MSF","Serrandell","Arnoglossus laterna","Rapapelos común","Peixes",
"RKZ","Peluda","Arnoglossus kessleri","Rapapelos de kessler","Peixes",
"RLI","Peluda imperial","Arnoglossus imperialis","Rapapelos imperial","Peixes",
"RNH","Peludilla","Arnoglossus thori","Rapapelos punteado","Peixes",
"MVN","Rape chino","Lophius litulon","Rape chino","Peixes",
"CIL","Solleta","Citharus linguatula","Rascón bicudo","Peixes",
"CYY","Rasqueta","Centroscymnus cryptacanthus","Rasqueta","Peixes",
"RJH","Raya boca de rosa","Raja brachyura","Raya boca de rosa","Peixes",
"RJA","Raya bramante","Raja alba","Raya bramante","Peixes",
"BZB","Raya de los canales","Bathyraja brachyurops","Raya de los canales","Peixes",
"JFY","Raya de madeira","Raja maderensis","Raya de Madeira","Peixes",
"JRT","Raya de puntos","Raja castelnaui","Raya de puntos","Peixes",
"DPQ","Raya dentada","Dipturus innominatus","Raya dentada","Peixes",
"JRS","Raya estrellada","Raja asterias","Raya estrellada","Peixes",
"RDC","Raya látigo isleña","Dasyatis centroura","Raya látigo isleña","Peixes",
"PLS","Raya látigo, violeta o pastinaca violeta","Dasyatis violacea","Raya látigo, violeta o pastinaca violeta","Peixes",
"RFL","Raya manchada","Raja straeleni","Raya manchada","Peixes",
"RJR","Raya radiante","Raja radiata","Raya radiante","Peixes",
"RJN","Raya santiaguesa","Raja naevus","Raya santiaguesa","Peixes",
"ZRN","Raya áspera neozelandesa","Zearaja nasuta","Raya áspera neozelandesa","Peixes",
"DSX","Reloj","Dosinia exoleta","Relo/reloxo","Bivalvos",
"GXW","Reloj de fondo","Gephyroberyx darwinii","Reloj de fondo","Peixes",
"SSO","Pez gallo de Nueva Zelanda","Pseudocyttus maculatus","Reloj pardo sureño","Peixes",
"ORY","Reloj anaranjado o atlántico","Hoplostethus atlanticus","Reloxo laranxa","Peixes",
"HPR","Reloj mediterraneo","Hoplostethus mediterraneus","Reloxo prateado","Peixes",
"HXV","Relojes","Hoplosternum spp","Reloxos","Peixes",
"CEK","Remudo blanco","Centrophorus niaukang","Remudo blanco","Peixes",
"TRS","Reo o trucha marina","Salmo trutta","Reo","Peixes",
"MVT","-","Mastocarpus Stellatus","Riza","Algas",
"JPV","Robalito","Centropomus viridis","Robalito","Peixes",
"BSS","Lubina","Dicentrarchus labrax","Robaliza","Peixes",
"SPU","Baila","Dicentrarchus punctatus","Robaliza de pintas","Peixes",
"TUR","Rodaballo","Scophthalmus maximus","Rodaballo","Peixes",
"JCN","Romero","Centrolabrus trutta","Romero","Peixes",
"BGR","Roncador","Pomadasys incisus","Roncador bastardo","Peixes",
"GBR","Burro o roncador","Plectorhinchus mediterraneus","Roncador mulato","Peixes",
"GRA","Boca de oro","Parapristipoma octolineatum","Roncador riscado","Peixes",
"YSZ","Ronco blanco","Pomadasys panamensis","Ronco blanco","Peixes",
"CEX","Rosadas","Genypterus spp","Rosada","Peixes",
"CUS","Rosada","Genypterus blacodes","Rosada","Peixes",
"OBK","Rosada de clark","Brotula clarki","Rosada de Clark","Peixes",
"KCP","Rosada del Cabo","Genypterus capensis","Rosada del Cabo","Peixes",
"SYT","Alitán","Scyliorhinus stellaris","Roxa","Peixes",
"CZS","Rubio de aleta azul","Chelidonichthys spinosus","Rubio de aleta azul","Peixes",
"KUG","Rubio de aleta azul","Chelidonichthys kumu","Rubio de aleta azul","Peixes",
"HYW","Rufo derivante o viudo","Hyperoglyphe perciformis","Rufo derivante o viudo","Peixes",
"HDV","Rufo imperial","Schedophilus ovalis","Rufo imperial","Peixes",
"TOT","Robalos de profundidad","Dissostichus spp","Róbalo de profundidad","Peixes",
"MIL","Sabalote","Chanos chanos","Sabalote","Peixes",
"SLM","Salema","Sarpa salpa","Saboga","Peixes",
"MUX","Salmonetes","Mullus spp","Salmonete","Peixes",
"GOA","Salmonete africano","Pseudupeneus prayensis","Salmonete africano","Peixes",
"RQF","Salmonete cinabrio","Parupeneus heptacanthus","Salmonete cinabrio","Peixes",
"MUT","Salmonete de fango","Mullus barbatus","Salmonete de lama","Peixes",
"MUR","Salmonete de roca","Mullus surmuletus","Salmonete de rocha","Peixes",
"GOX","Salmonetes orientales","Upeneus spp","Salmonete oriental","Peixes",
"OGT","Salmonete real","Apogon imberbis","Salmonete real","Peixes",
"CHU","Salmon keta","Oncorhynchus keta","Salmón can","Peixes",
"SAL","Salmón Atlántico o Salmón","Salmo salar","Salmón do atlántico","Peixes",
"ORC","Salmones del pacifico","Oncorhynchus spp","Salmón do Pacífico","Peixes",
"COH","Salmon plateado","Oncorhynchus kisutch","Salmón prateado","Peixes",
"CHI","Salmon real","Oncorhynchus tshawytscha","Salmón real","Peixes",
"PIN","Salmon rosado","Oncorhynchus gorbuscha","Salmón rosa","Peixes",
"SOC","Salmon rojo","Oncorhynchus nerka","Salmón vermello","Peixes",
"LVC","Berberecho dentado","Laevicardium crassum","Saltón","Bivalvos",
"ZCP","San Pedro del Cabo","Zeus capensis","San Pedro del Cabo","Peixes",
"JOD","Pez de San Pedro","Zeus faber","Sanmartiño","Peixes",
"JOS","Gallo plateado o San Pedro americano","Zenopsis conchifer","Sanmartiño prateado","Peixes",
"SCY","Santiaguiño","Scyllarus arctus","Santiaguiño","Crustáceos",
"YLX","Santiaguiños o cigarras","Scyllarus spp","Santiaguiño","Crustáceos",
"YLL","Cigarra","Scyllarides latus","Santiaguiño do mediterráneo","Crustáceos",
"TVX","Cigarras orientales o santiaguiños orientales","Thenus spp","Santiaguiño orientai","Crustáceos",
"YLY","Cigarra enana","Scyllarus pygmaeus","Santiaguiño pequeno","Crustáceos",
"BHD","Pez sapo","Halobatrachus didactylus","Sapo lusitano","Peixes",
"THP","Sardineta del Pacífico","Opisthonema libertate","Sardineta del Pacífico","Peixes",
"JNX","Sardinopas","Sardinops spp","Sardinopa","Peixes",
"PIL","Sardina","Sardina pilchardus","Sardiña","Peixes",
"SRG","Sargos","Diplodus spp","Sargo","Peixes",
"SBZ","Sargo breado","Diplodus cervinus","Sargo acastañado","Peixes",
"ANN","Raspallon","Diplodus annularis","Sargo albar","Peixes",
"SHR","Sargo picudo","Diplodus puntazzo","Sargo bicudo","Peixes",
"SWA","Sargo","Diplodus sargus","Sargo común","Peixes",
"LBR","Ladrones o gingkos","Gymnocranius spp","Sargo do Pacífico","Peixes",
"CZJ","Sastre amarillo","Cervimunida johni","Sastre amarelo","Crustáceos",
"URQ","Xinxa","Munida rugosa","Sastre rugoso","Crustáceos",
"PQG","Sastre rojo","Pleuroncodes monodon","Sastre vermello","Crustáceos",
"KDF","Seba","Crepidula fornicata","Seba","Gasterópodos",
"IAH","Sepia faraónica","Sepia pharaonis","Sepia faraónica","Cefalópodos",
"IAE","Sepia ganchuda","Sepia recurvirostra","Sepia ganchuda","Cefalópodos",
"EIY","Sepia labiada","Sepia lycidas","Sepia labiada","Cefalópodos",
"IEX","Sepias orladas","Sepiella spp","Sepia orlada","Cefalópodos",
"WSA","Serrano imperial","Serranus atricauda","Serrano imperial","Peixes",
"CBR","Cabrilla","Serranus cabrilla","Serrán cabra","Peixes",
"YFM","Porredana","Symphodus melops","Serrán común","Peixes",
"SRK","Serrano","Serranus scriba","Serrán riscado","Peixes",
"WRX","Tordos","Labrus spp","Serráno","Peixes",
"SNK","Sierra americano","Thyrsites atun","Sierra americano","Peixes",
"ILS","Sillago plateado","Sillago sihama","Sillago plateado","Peixes",
"SOM","Siluro","Silurus glanis","Siluro europeo","Peixes",
"MIA","Soldado","Microchirus azevia","Soldado","Peixes",
"FLE","Platija","Platichthys flesus","Solla","Peixes",
"PLE","Solla","Pleuronectes platessa","Solla de altura","Peixes",
"APU","Esturión","Acipenser sturio","Sollo rei","Peixes",
"LOO","Solrayo","Odontaspis ferox","Solrayo","Peixes",
"MHA","Sabalo atlántico","Brevoortia tyrannus","Sábalo atlántico","Peixes",
"TBR","Tabernero","Ctenolabrus rupestris","Taberneiro","Peixes",
"AKL","Tordo de fondo","Acantholabrus palloni","Taberneiro de manchas","Peixes",
"ALC","Talisman","Alepocephalus bairdii","Talismán","Peixes",
"TWL","Coquinas o tellinas o pechinas","Tellina spp","Tallerinas","Bivalvos",
"TZK","Tanaka","Liparis tanakae","Tanaka","Peixes",
"ZGP","Rapeta","Zeugopterus punctatus","Tapa","Peixes",
"QUZ","Tellina del Pacífico","Tivela hians","Tellina del Pacífico","Bivalvos",
"TTV","Tembladera de lunares","Torpedo torpedo","Tembladera de lunares","Peixes",
"FTE","Tenca","Tinca tinca","Tenca","Peixes",
"HXC","Tiburón lagarto","Chlamydoselachus anguineus","Tiburón anguía","Peixes",
"DUS","Tiburón arenero","Carcharhinus obscurus","Tiburón arenero","Peixes",
"CCA","Tiburón baboso","Carcharhinus altimus","Tiburón baboso","Peixes",
"QUX","Tiburones bruja","Scymnodon spp","Tiburón bruja","Peixes",
"BRO","Tiburón cobrizo","Carcharhinus brachyurus","Tiburón cobrizo","Peixes",
"CCG","Tiburón de galápagos","Carcharhinus galapagensis","Tiburón de galápagos","Peixes",
"CCL","Tiburón de puntos negros","Carcharhinus limbatus","Tiburón de puntos negros","Peixes",
"BSK","Peregrino","Cetorhinus maximus","Tiburón peregrino","Peixes",
"ALV","Pez zorro","Alopias vulpinus","Tiburón raposo","Peixes",
"BTH","Pez zorro negro","Alopias superciliosus","Tiburón raposo ollón","Peixes",
"CCP","Tiburón trozo","Carcharhinus plumbeus","Tiburón trozo","Peixes",
"OOH","Anago","Ophichthus remiger","Tieso de arena","Peixes",
"TLN","Tilapia","Oreochromis niloticus","Tilapia do Nilo","Peixes",
"TLM","Tilapia de Mozambique","Oreochromis mossambicus","Tilapia mozambicana","Peixes",
"SIU","Tita","Sipunculus nudus","Tita","Resto das descargas",
"YCX","Tollos, mielgas o cazones","Centroscyllium spp","Tollo","Peixes",
"SDU","Tollo flecha","Deania profundorum","Tollo flecha","Peixes",
"ETP","Tollo lucero liso","Etmopterus pusillus","Tollo lucero liso","Peixes",
"ETR","Tollo lucero raspa","Etmopterus princeps","Tollo lucero raspa","Peixes",
"EPI","Tomás","Epigonus telescopus","Tomás","Peixes",
"WRM","Tordo negro","Labrus merula","Tordo negro","Peixes",
"WRV","Tordo verde","Labrus viridis","Tordo verde","Peixes",
"NUO","Torillo","Blennius ocellaris","Torillo","Peixes",
"CCT","Toro bacota","Carcharias taurus","Toro bacota","Peixes",
"OFH","-","Porphyra umbilicalis","Touca","Algas",
"OFQ","-","Porphyra purpurea","Touca purpúrea","Algas",
"SPR","Espadín","Sprattus sprattus","Trancho","Peixes",
"TRR","Trucha arco iris","Oncorhynchus mykiss","Troita arco da vella","Peixes",
"SVF","Salvelino","Salvelinus fontinalis","Troita das fontes","Peixes",
"LAT","Trucha lacustre","Salvelinus namaycush","Troita lacustre americana","Peixes",
"ACH","Trucha alpina","Salvelinus alpinus","Troita ártica","Peixes",
"SNS","Trompetero","Macroramphosus scolopax","Trompeteiro","Peixes",
"TTR","Tembladera","Torpedo marmorata","Trémula","Peixes",
"XML","Tumbaos o conchas blancas","Semele spp","Tumbao o concha blanca","Peixes",
"SAI","Pez vela del Atlántico","Istiophorus albicans","Veleiro do atlántico","Peixes",
"SFA","Pez vela","Istiophorus platypterus","Veleiro do indo-Pacífico","Peixes",
"YFC","Bodión","Symphodus cinereus","Vello","Peixes",
"KTZ","Vieiras","Pecten spp","Vieira","Bivalvos",
"SCE","Vieira","Pecten maximus","Vieira","Bivalvos",
"QPT","Vieira amerindia o vieira salvaje","Aequipecten tehuelchus","Vieira amerindia o vieira salvaje","Bivalvos",
"SCA","Vieira del Atlántico","Placopecten magellanicus","Vieira del Atlántico","Bivalvos",
"SCQ","Vieira del pacífico","Argopecten purpuratus","Vieira del Pacífico","Bivalvos",
"SJA","Concha de peregrino","Pecten jacobaeus","Vieira do mediterráneo","Bivalvos",
"JSC","Vieira japonesa","Patinopecten yessoensis","Vieira japonesa","Bivalvos",
"ZYP","Vieira patagónica","Zygochlamys patagonica","Vieira patagónica","Bivalvos",
"BZD","Vieja lomonegro","Bodianus speciosus","Vieja lomonegro","Peixes",
"DCA","Tollo pajarito","Deania calcea","Viseira","Peixes",
"CYP","Sapata negra","Centroscymnus crepidater","Viseira negra","Peixes",
"SQE","Volador","Todarodes sagittatus","Volador","Cefalópodos",
"QSC","Volandeira","Aequipecten opercularis","Volandeira","Bivalvos",
"MAC","Caballa","Scomber scombrus","Xarda","Peixes",
"VMA","Estornino del Atlántico o caballa del Sur","Scomber colias","Xarda pintada","Peixes",
"OFW","Viejas","Choerodon spp","Xulia","Peixes",
"MON","Rape blanco","Lophius piscatorius","Xuliana","Peixes",
"HOM","Jurel","Trachurus trachurus","Xurelo","Peixes",
"HMY","Jurel real","Caranx rhonchus","Xurelo amarelo","Peixes",
"RUB","Jurel azul","Caranx crysos","Xurelo azul","Peixes",
"HMC","Jurel del cabo","Trachurus capensis","Xurelo do cabo","Peixes",
"HMM","Jurel mediterráneo","Trachurus mediterraneus","Xurelo do mediterráneo","Peixes",
"TRZ","Jurel limón","Pseudocaranx dentex","Xurelo dourado","Peixes",
"JAA","Chicharro","Trachurus picturatus","Xurelo negro","Peixes",
"VAD","Lirio","Campogramma glaycos","Xurelo palmeta","Peixes",
"ASD","Sábalo","Alosa alosa","Zamborca","Peixes",
"VSC","Zamburiña","Mimachlamys varia","Zamburiña","Bivalvos",
"ISC","Zamburiña nórdica","Chlamys islandica","Zamburiña nórdica","Bivalvos",
"GAM","Pintarroja islandica","Galeus murinus","Zapata islándica","Peixes",
