"year","Galician_name","total_kg","total_euros","Spanish_name","Scientific_Name","FAO"
2022,"acedía",17675.07,157180.034,NA,NA,NA
2022,"alga parda",21060.85,11015.574,NA,NA,NA
2022,"algas verdes",85622.305,76286.67,NA,NA,NA
2022,"algas vermellas",9850.195,17396.996,NA,NA,NA
2022,"ameixón",28098.15,232188.334,NA,NA,NA
2022,"anguías",28751.285,561644.97,NA,NA,NA
2022,"argazo",156784.5,88865.5,NA,NA,NA
2022,"bacoreta",447,780.42,NA,NA,NA
2022,"barbado de fondo",3,1.5,NA,NA,NA
2022,"berberecho",2299202.59,14626490.737,NA,NA,NA
2022,"bertorellas",353.4,816.6,NA,NA,NA
2022,"boga",1983077.29,1077022.672,NA,NA,NA
2022,"bolos",279,827.6,NA,NA,NA
2022,"breca",16676.055,72270.3469999999,NA,NA,NA
2022,"buche bravo",8150,3260,NA,NA,NA
2022,"cabracho de fondo",7066.6,41471.74,NA,NA,NA
2022,"cabras",17829.5,61091.2,NA,NA,NA
2022,"cangrexo real",681.75,10604.72,NA,NA,NA
2022,"carallos de mar nep",142,335.12,NA,NA,NA
2022,"castañeta de quilla",198,257.74,NA,NA,NA
2022,"cazapa",8007.1,2809.64,NA,NA,NA
2022,"cazón",8620.1,13912.93,NA,NA,NA
2022,"centola ou centolo",700685.835,6451512.995,NA,NA,NA
2022,"cherna de ley",2191.6,19977.89,NA,NA,NA
2022,"cigala",206774.15,3135588,NA,NA,NA
2022,"correa",21811,12135.1,NA,NA,NA
2022,"dentón angoleño",8962.6,32574.618,NA,NA,NA
2022,"escacho de cremalleira",70645.5,59134.48,NA,NA,NA
2022,"escachos",145848.83,430061.144,NA,NA,NA
2022,"escolar negro",34361.7,107114.49,NA,NA,NA
2022,"faneca",545076.581000001,1438067.293,NA,NA,NA
2022,"fideo de mar",6933,7269.95,NA,NA,NA
2022,"fodón",3685.65,14463.978,NA,NA,NA
2022,"fucus",7025,2458.75,NA,NA,NA
2022,"galludo",49700.3,355657.92,NA,NA,NA
2022,"gavilán",2839.2,252381.349,NA,NA,NA
2022,"jaiba de roca dientuda",203.75,1222.5,NA,NA,NA
2022,"lorchos",9954.85,20024.696,NA,NA,NA
2022,"maragota",259787.13,679654.661999999,NA,NA,NA
2022,"maruca",72267.5,145967.77,NA,NA,NA
2022,"maruca do mediterráneo",86,145.55,NA,NA,NA
2022,"melva",205,205.27,NA,NA,NA
2022,"melvas",1920.8,1830.54,NA,NA,NA
2022,"merlán",869.25,1484.15,NA,NA,NA
2022,"mero",22435.55,612668.81,NA,NA,NA
2022,"miñoca de area",780.56,19519.913,NA,NA,NA
2022,"miñoca de tubo",1592.585,40979.744,NA,NA,NA
2022,"muxo negro",1318.4,1328.56,NA,NA,NA
2022,"muxos",2.8,1.5,NA,NA,NA
2022,"nécora",106126.45,2004236.596,NA,NA,NA
2022,"obispo",2027.4,4628.13,NA,NA,NA
2022,"olayo atlántico",23026.3,4677.49,NA,NA,NA
2022,"ortiguilla de mar",19930,257745.371,NA,NA,NA
2022,"ostra",92848.545,557750.03,NA,NA,NA
2022,"ostra rizada",253528.49,269500.409,NA,NA,NA
2022,"outras",19890,19413,NA,NA,NA
2022,"ovas de maruca",2.5,7,NA,NA,NA
2022,"ovas de abadexo",3,7.59,NA,NA,NA
2022,"ovas de pescada",145011.72,654789.595,NA,NA,NA
2022,"patexo",28480,2994.76,NA,NA,NA
2022,"peixe espada",797207.55,5934366.15,NA,NA,NA
2022,"peixe xabaril",94,12.8,NA,NA,NA
2022,"pejerreyes",107.6,171.57,NA,NA,NA
2022,"percebe",242793.394,8311062.24700001,NA,NA,NA
2022,"potón común",3078.5,10049.69,NA,NA,NA
2022,"raia boca de rosa",24870,76310.31,NA,NA,NA
2022,"raia espiñeta",23100.5,62490.67,NA,NA,NA
2022,"raia santiaguesa",134490.2,253781.2,NA,NA,NA
2022,"raias",118712.065,327444.656,NA,NA,NA
2022,"rapapelos de ollos grandes",1.25,4.125,NA,NA,NA
2022,"rei",2623.05,3465.377,NA,NA,NA
2022,"reló",57676.19,244441.714,NA,NA,NA
2022,"rodaballo",67533.6300000001,1557214.207,NA,NA,NA
2022,"rufo imperial",7328.7,58011.56,NA,NA,NA
2022,"salema",14666.45,9914.822,NA,NA,NA
2022,"salmonetes",274.2,5412.25,NA,NA,NA
2022,"sastres",3320.35,1773.38,NA,NA,NA
2022,"serrán",111.05,246.311,NA,NA,NA
2022,"tomás",123.25,876.09,NA,NA,NA
2022,"volandeira",498647.3,1365290.63,NA,NA,NA
2022,"zamburiña",30121.8,313911.58,NA,NA,NA
2021,"acedía",24493.24,178234.263,NA,NA,NA
2021,"alga parda",69507.44,34833.94,NA,NA,NA
2021,"algas np",214.3,143.065,NA,NA,NA
2021,"algas verdes",134908,114871.1,NA,NA,NA
2021,"algas vermellas",7668.94,6296.655,NA,NA,NA
2021,"ameixón",22439.25,162878.242,NA,NA,NA
2021,"anguías",27640.184,637507.621,NA,NA,NA
2021,"argazo",152023,76790,NA,NA,NA
2021,"bacoreta",1589.7,1104.52,NA,NA,NA
2021,"berberecho",2100713.178,13745102.673,NA,NA,NA
2021,"bertorellas",33.3,55.73,NA,NA,NA
2021,"boga",2098565.72,948883.559000002,NA,NA,NA
2021,"bolos",892,1257.8,NA,NA,NA
2021,"breca",14619.2,59302.105,NA,NA,NA
2021,"cabracho de fondo",113.5,543.52,NA,NA,NA
2021,"cabras",1455.8,4941.165,NA,NA,NA
2021,"cangrexo real",130,339.88,NA,NA,NA
2021,"cazapa",27252.75,11668.32,NA,NA,NA
2021,"cazón",12269.45,14456.755,NA,NA,NA
2021,"centola ou centolo",685741.040000001,6041683.21099999,NA,NA,NA
2021,"cigala",188650.97,2706988.66,NA,NA,NA
2021,"cogombro de mar negro",2,6,NA,NA,NA
2021,"correa",19457,11019,NA,NA,NA
2021,"escacho de cremalleira",70703.6,57913.02,NA,NA,NA
2021,"escachos",141181.62,444580.115000001,NA,NA,NA
2021,"escolar negro",71661.65,120903.56,NA,NA,NA
2021,"faneca",635097.335,1563902.97,NA,NA,NA
2021,"fideo de mar",4931,5318.8,NA,NA,NA
2021,"fodón",4569.65,13862.869,NA,NA,NA
2021,"fucus",6125,1837.5,NA,NA,NA
2021,"galludo",49763.1,335772.23,NA,NA,NA
2021,"gavilán",2498.855,207135.562,NA,NA,NA
2021,"jaiba de roca dientuda",29.5,162,NA,NA,NA
2021,"lapas nep",0.6,9.84,NA,NA,NA
2021,"limanda",3.8,30.4,NA,NA,NA
2021,"lorchos",8621.25,18599.746,NA,NA,NA
2021,"maragota",271460.018,804232.000999999,NA,NA,NA
2021,"maruca",109422.77,166499.63,NA,NA,NA
2021,"melva",90.1,182.58,NA,NA,NA
2021,"melvas",352.15,550.732,NA,NA,NA
2021,"merlán",1591.2,1296.42,NA,NA,NA
2021,"mero",31422.69,748183.159999999,NA,NA,NA
2021,"mexillón",54996.6,73643.46,NA,NA,NA
2021,"miñoca de area",708.400000000001,17948.738,NA,NA,NA
2021,"miñoca de tubo",668.209999999999,20717.326,NA,NA,NA
2021,"muxo negro",8792.55,8024.895,NA,NA,NA
2021,"muxos",1377.9,746.31,NA,NA,NA
2021,"nécora",112623.35,2063850.405,NA,NA,NA
2021,"obispo",1269.2,3003.67,NA,NA,NA
2021,"olayo atlántico",18477,3420.25,NA,NA,NA
2021,"ortiguilla de mar",14146.4,181962.11,NA,NA,NA
2021,"ostra",73615.403,481323.302,NA,NA,NA
2021,"ostra rizada",98712.54,111767.782,NA,NA,NA
2021,"ovas de maruca",689.5,1085.95,NA,NA,NA
2021,"ovas de pescada",142966.84,677970.758,NA,NA,NA
2021,"patexo",25460.9,2480.45,NA,NA,NA
2021,"peixe espada",1015807.42,7626263.47,NA,NA,NA
2021,"peixe xabaril",172,27.52,NA,NA,NA
2021,"peixes mariños nep",32.11,137.37,NA,NA,NA
2021,"pejerreyes",26.5,47.15,NA,NA,NA
2021,"percebe",254089.832,8810978.32,NA,NA,NA
2021,"pescada do senegal",37.85,110.44,NA,NA,NA
2021,"potón común",4368.45,10368.81,NA,NA,NA
2021,"raia boca de rosa",21075,75999.77,NA,NA,NA
2021,"raia espiñeta",23390.95,69575.87,NA,NA,NA
2021,"raia santiaguesa",90394.95,221151.09,NA,NA,NA
2021,"raias",167859.763,488498.988,NA,NA,NA
2021,"rapapelos de ollos grandes",20.85,87.977,NA,NA,NA
2021,"rei",3038.85,3876.24,NA,NA,NA
2021,"reló",72575.76,233724.778,NA,NA,NA
2021,"rodaballo",62285.6300000001,1284077.154,NA,NA,NA
2021,"rufo imperial",6303.2,47548.42,NA,NA,NA
2021,"salema",1192.75,842.094,NA,NA,NA
2021,"salmonetes",5.1,77.6,NA,NA,NA
2021,"sastres",7716.25,3169.8,NA,NA,NA
2021,"serrán",191.9,499.61,NA,NA,NA
2021,"tomás",537.4,2148.375,NA,NA,NA
2021,"volandeira",308036.88,845206.685,NA,NA,NA
2021,"zamburiña",43628.55,340733.529,NA,NA,NA
2020,"acedía",17039.19,158414.47,NA,NA,NA
2020,"algas verdes",103731,85772.85,NA,NA,NA
2020,"algas vermellas",2491.92,2964.65,NA,NA,NA
2020,"ameixón",10391.65,67409.55,NA,NA,NA
2020,"anguías",32308.14,748731.81,NA,NA,NA
2020,"argazo",49202.7,25778.8,NA,NA,NA
2020,"atúns",275.75,1318.88,NA,NA,NA
2020,"bacoreta",8930.2,5710.45,NA,NA,NA
2020,"barbo común",1.95,6.5,NA,NA,NA
2020,"berberecho",1367276.2,9339238.48999998,NA,NA,NA
2020,"bertorellas",44.5,111.58,NA,NA,NA
2020,"boga",2954319.74,1159197.64,NA,NA,NA
2020,"bolos",510.25,1307.04,NA,NA,NA
2020,"breca",15638.75,53656.2,NA,NA,NA
2020,"cabras",1162.65,5577.37,NA,NA,NA
2020,"cangrexo real",164.7,1618.38,NA,NA,NA
2020,"cazapa",42375.3,15459.74,NA,NA,NA
2020,"cazón",76811.1,69209.86,NA,NA,NA
2020,"centola ou centolo",564232.660000001,5220981.84999999,NA,NA,NA
2020,"cigala",115253.35,1294047.06,NA,NA,NA
2020,"cogombro de mar negro",21.8,42,NA,NA,NA
2020,"correa",22802,11802.3,NA,NA,NA
2020,"escacho de cremalleira",62779.13,66606.15,NA,NA,NA
2020,"escachos",178081.16,463602.670000001,NA,NA,NA
2020,"escolar negro",71997.45,131274.94,NA,NA,NA
2020,"faneca",884163.58,1769878.42,NA,NA,NA
2020,"fideo de mar",9117.9,8767.15,NA,NA,NA
2020,"fodón",6251.14999999999,10093.5,NA,NA,NA
2020,"fucus",6309,1892.72,NA,NA,NA
2020,"galludo",61511.25,362234.76,NA,NA,NA
2020,"gavilán",2102.17,165034.07,NA,NA,NA
2020,"jaiba de roca dientuda",69.5,347.5,NA,NA,NA
2020,"limanda",1.5,2.55,NA,NA,NA
2020,"lorchos",11756.15,20806.7,NA,NA,NA
2020,"maragota",256962.39,691318.27,NA,NA,NA
2020,"marlíns",99,79.52,NA,NA,NA
2020,"maruca",148199.11,226693.72,NA,NA,NA
2020,"melgas",200,32,NA,NA,NA
2020,"melva",908.95,1959.25,NA,NA,NA
2020,"melvas",15797.95,20888.82,NA,NA,NA
2020,"merlán",3436.72,2954.3,NA,NA,NA
2020,"mero",27854.61,575765.41,NA,NA,NA
2020,"mexillón",52737.09,56508.43,NA,NA,NA
2020,"miñoca de area",648.710000000001,19629.11,NA,NA,NA
2020,"miñoca de tubo",845.960000000001,24350.09,NA,NA,NA
2020,"muxo negro",39530.1,31970.83,NA,NA,NA
2020,"muxos",980.95,490.61,NA,NA,NA
2020,"nécora",133632.93,2142037.86,NA,NA,NA
2020,"obispo",107,571.68,NA,NA,NA
2020,"olayo atlántico",3239,1030.4,NA,NA,NA
2020,"ortiguilla de mar",14268.45,157284.74,NA,NA,NA
2020,"ostra",39076.92,216360.33,NA,NA,NA
2020,"ostra rizada",71323.55,81298.2,NA,NA,NA
2020,"ovas de maruca",584.5,333,NA,NA,NA
2020,"ovas de peixe pau",1.9,11.2,NA,NA,NA
2020,"ovas de pescada",145581.8,507588.200000001,NA,NA,NA
2020,"palometón",21.5,21.5,NA,NA,NA
2020,"patexo",12529,2600.5,NA,NA,NA
2020,"peixe espada",1292865.95,7668270.82,NA,NA,NA
2020,"peixe xabaril",1471,231.31,NA,NA,NA
2020,"peixes mariños nep",918.86,2156.16,NA,NA,NA
2020,"pejerreyes",292.1,146.05,NA,NA,NA
2020,"percebe",225845.04,7731244.52,NA,NA,NA
2020,"pescada do senegal",927.45,5240.55,NA,NA,NA
2020,"potón común",4450.45,8911.34,NA,NA,NA
2020,"raia boca de rosa",18741.5,59414.59,NA,NA,NA
2020,"raia espiñeta",1949.4,7230.92,NA,NA,NA
2020,"raia santiaguesa",158486.15,336702.18,NA,NA,NA
2020,"raias",408906.79,994062.310000002,NA,NA,NA
2020,"rapapelos de ollos grandes",13.6,47.96,NA,NA,NA
2020,"rei",1852.5,1931.29,NA,NA,NA
2020,"reló",77133.36,241889.97,NA,NA,NA
2020,"rodaballo",62728.69,1088915.81,NA,NA,NA
2020,"rufo imperial",4220.1,28681.05,NA,NA,NA
2020,"salema",676.35,210.84,NA,NA,NA
2020,"sastres",5014.75,2278.32,NA,NA,NA
2020,"serrán",710.35,1200.01,NA,NA,NA
2020,"tomás",240.9,521.38,NA,NA,NA
2020,"volandeira",223360.85,616820.46,NA,NA,NA
2020,"zamburiña",24921,172902.7,NA,NA,NA
2019,"acedía",15194.2,139527.52,NA,NA,NA
2019,"algas verdes",66642.5,63879.46,NA,NA,NA
2019,"algas vermellas",3987.57,3713.34,NA,NA,NA
2019,"ameixón",40762.89,195909.78,NA,NA,NA
2019,"anguilas",22888.11,406972.65,NA,NA,NA
2019,"argazo",62817.4,38074.14,NA,NA,NA
2019,"argazo bravo",171.39,128.55,NA,NA,NA
2019,"atúns",212,1137.38,NA,NA,NA
2019,"bacoreta",9779.6,8250.66,NA,NA,NA
2019,"barbo común",7.75,54.2,NA,NA,NA
2019,"berberecho",3442279.96,21491164.34,NA,NA,NA
2019,"bertorellas",577.36,3379.39,NA,NA,NA
2019,"boga",2332877.18,864751.980000001,NA,NA,NA
2019,"bolos",16339.53,12904.28,NA,NA,NA
2019,"breca",18393.78,64945.3699999999,NA,NA,NA
2019,"cabras",335.5,966.65,NA,NA,NA
2019,"cangrexo real",899.15,9561.19,NA,NA,NA
2019,"carallos de mar nep",1898,3797.47,NA,NA,NA
2019,"castañetas",382,2355.39,NA,NA,NA
2019,"cazapa",26338.8,15581.54,NA,NA,NA
2019,"cazón",59810.2,50642.52,NA,NA,NA
2019,"centola ou centolo",104481.36,1572726.79,NA,NA,NA
2019,"chirla",0.75,1.28,NA,NA,NA
2019,"cigala",157769.17,1841736.76,NA,NA,NA
2019,"cogombro de mar negro",2081,8254.9,NA,NA,NA
2019,"correa",42552,22336.1,NA,NA,NA
2019,"escachos",236744.37,563442.8,NA,NA,NA
2019,"escarapote de fóra",3.5,8.75,NA,NA,NA
2019,"escolar negro",67868,244982.19,NA,NA,NA
2019,"faneca",857683.460000001,1811152.4,NA,NA,NA
2019,"fideo de mar",15077.82,16122.35,NA,NA,NA
2019,"fodón",7297.9,10288.35,NA,NA,NA
2019,"galludo",75502.85,478120.45,NA,NA,NA
2019,"gavilán",3093.29,257916.54,NA,NA,NA
2019,"lapas",400.85,1402.98,NA,NA,NA
2019,"lorchos",10908.65,18420.58,NA,NA,NA
2019,"maragota",310433.51,772501.160000001,NA,NA,NA
2019,"maruca",192590.22,345043.42,NA,NA,NA
2019,"melgas",400,220.3,NA,NA,NA
2019,"melva",21789.65,30478.52,NA,NA,NA
2019,"melvas",2896.65,3945.32,NA,NA,NA
2019,"merlán",3237.25,4368.03,NA,NA,NA
2019,"mero",15851.18,377611.97,NA,NA,NA
2019,"mexilla",103322.68,87323.06,NA,NA,NA
2019,"miñoca de area",1137.34,33060.62,NA,NA,NA
2019,"miñoca de tubo",1294.21,33332.18,NA,NA,NA
2019,"muxo negro",54108.65,40990.37,NA,NA,NA
2019,"muxos",2063.9,1620.66,NA,NA,NA
2019,"nécora",115276.55,1979490.19,NA,NA,NA
2019,"ortiguilla de mar",17957.3,191742.55,NA,NA,NA
2019,"ostra plana",116324.96,224150.95,NA,NA,NA
2019,"ostra rizada",155880.67,169207.43,NA,NA,NA
2019,"ovas de maruca",1609,4833.61,NA,NA,NA
2019,"ovas de pescada",171552.29,584421.8,NA,NA,NA
2019,"peixe espada",1207346.3,7675812.37,NA,NA,NA
2019,"peixe xabaril",187,29.92,NA,NA,NA
2019,"peixes mariños nep",2412.39,5827.72,NA,NA,NA
2019,"percebe",310539.83,9262752.44999999,NA,NA,NA
2019,"pescada do senegal",30756.8,49990.09,NA,NA,NA
2019,"piardas",19.7,5.93,NA,NA,NA
2019,"potón común",1799.35,5854.92,NA,NA,NA
2019,"raia boca de rosa",17843.45,53243.97,NA,NA,NA
2019,"raia santiaguesa",268012.12,624845.120000001,NA,NA,NA
2019,"raias",665204.9,1708651.84,NA,NA,NA
2019,"rapapelos de ollos grandes",7.2,28.98,NA,NA,NA
2019,"rei",2092.8,3018.04,NA,NA,NA
2019,"reló",108585.3,385945.53,NA,NA,NA
2019,"rodaballo",69553.7999999998,1385979.04,NA,NA,NA
2019,"rufo imperial",30403.35,188584.3,NA,NA,NA
2019,"salema",96.5,51.7,NA,NA,NA
2019,"sastres",1879.75,3040.47,NA,NA,NA
2019,"serra",636.8,2274.04,NA,NA,NA
2019,"serrán",602.15,870.85,NA,NA,NA
2019,"tomás",664.54,1551.79,NA,NA,NA
2019,"volandeira",240737.98,641825.55,NA,NA,NA
2019,"zamburiña",25952.71,179483.03,NA,NA,NA
2018,"acedía",10484.73,106849.74,NA,NA,NA
2018,"algas verdes",50748.5,45596.71,NA,NA,NA
2018,"algas vermellas",14524,8452.53,NA,NA,NA
2018,"ameixón",36315.17,201797.86,NA,NA,NA
2018,"anguilas",28642.3,490087.2,NA,NA,NA
2018,"argazo",108556,60151.1,NA,NA,NA
2018,"argazo bravo",750,675,NA,NA,NA
2018,"bacoreta",52501.85,153868.12,NA,NA,NA
2018,"berberecho",2482754.21,15447031.85,NA,NA,NA
2018,"bertorellas",22.2,128.73,NA,NA,NA
2018,"boga",4215759.95,1474251.38,NA,NA,NA
2018,"bolos",8858.84,17727,NA,NA,NA
2018,"breca",14028.5,55939.81,NA,NA,NA
2018,"cabras",1362.85,7116.83,NA,NA,NA
2018,"cangrexo real",1493.75,16506,NA,NA,NA
2018,"carallos de mar nep",1774.6,3275.48,NA,NA,NA
2018,"carromeiro",171,213.78,NA,NA,NA
2018,"cazapa",55963,17089.55,NA,NA,NA
2018,"cazón",41878.25,30213.28,NA,NA,NA
2018,"cigala",175443.88,2051294.47,NA,NA,NA
2018,"cogombro de mar negro",330,1155,NA,NA,NA
2018,"corno",1.4,4.24,NA,NA,NA
2018,"correa",24361,14712,NA,NA,NA
2018,"escachos",234755.11,593937.15,NA,NA,NA
2018,"escolar negro",49504.8,157995.35,NA,NA,NA
2018,"faneca",821073.530000002,1909408.28,NA,NA,NA
2018,"fideo de mar",18704.5,18307.15,NA,NA,NA
2018,"fodón",9918,10955.65,NA,NA,NA
2018,"galludo",60581.7,413347.09,NA,NA,NA
2018,"gavilán",2881.29000000001,236208.25,NA,NA,NA
2018,"lapas",414.05,1450.98,NA,NA,NA
2018,"limanda",100.2,25.05,NA,NA,NA
2018,"lorchos",11600.83,20557.54,NA,NA,NA
2018,"maragota",299250.29,823828.29,NA,NA,NA
2018,"maruca",249161.46,492969.14,NA,NA,NA
2018,"melva",401.45,359.58,NA,NA,NA
2018,"melvas",6741.72,6792.48,NA,NA,NA
2018,"merlán",12511.22,13350.38,NA,NA,NA
2018,"mero",19557.16,504222.13,NA,NA,NA
2018,"mexilla",44349.36,38570.37,NA,NA,NA
2018,"miñoca",8.02,160.5,NA,NA,NA
2018,"miñoca de area",950,33237.9,NA,NA,NA
2018,"miñoca de tubo",1112.99,29091.6,NA,NA,NA
2018,"muxo negro",16512.95,17423.98,NA,NA,NA
2018,"muxos",164.7,205.45,NA,NA,NA
2018,"nécora",109781.21,1978189.04,NA,NA,NA
2018,"ortiguilla de mar",21426.75,213853.45,NA,NA,NA
2018,"ostra plana",115123.51,266239.29,NA,NA,NA
2018,"ostra rizada",189619.93,185979.44,NA,NA,NA
2018,"ovas de maruca",5600.25,25461.37,NA,NA,NA
2018,"ovas de pescada",219119.34,735654.07,NA,NA,NA
2018,"pampos",2,2,NA,NA,NA
2018,"patexo",1740,368,NA,NA,NA
2018,"peixe espada",811041.95,6051518.64,NA,NA,NA
2018,"peixes mariños nep",8430.56,22436.85,NA,NA,NA
2018,"percebe",316343.36,8924473.17999999,NA,NA,NA
2018,"piardas",344.6,662.78,NA,NA,NA
2018,"potón común",25479.22,62893.22,NA,NA,NA
2018,"raia boca de rosa",1206,2391.23,NA,NA,NA
2018,"raia santiaguesa",254810.65,577165.49,NA,NA,NA
2018,"raias",921622.89,2534588.92,NA,NA,NA
2018,"rapapelos de ollos grandes",35.1,126.16,NA,NA,NA
2018,"rei",1147.6,1528.59,NA,NA,NA
2018,"reló",282271.47,721140.36,NA,NA,NA
2018,"rodaballo",61181.41,1230549.49,NA,NA,NA
2018,"salema",7619.6,5105.84,NA,NA,NA
2018,"sastres",1801.75,1460.82,NA,NA,NA
2018,"serra",525.8,1523.84,NA,NA,NA
2018,"serrán",596.6,1141.1,NA,NA,NA
2018,"tomás",574.95,1406.76,NA,NA,NA
2018,"volandeira",215326.1,735959.28,NA,NA,NA
2018,"zamburiña",20508.2,143138.01,NA,NA,NA
2017,"algas verdes",39665,36247.28,NA,NA,NA
2017,"algas vermellas",28046,8656.8,NA,NA,NA
2017,"ameixón",33125.46,135176.71,NA,NA,NA
2017,"anguilas",24322.98,640579.41,NA,NA,NA
2017,"argazo",70858,32889.57,NA,NA,NA
2017,"argazo bravo",400,400,NA,NA,NA
2017,"atúns",19620.8,73028.28,NA,NA,NA
2017,"bacoreta",131403.02,365765.09,NA,NA,NA
2017,"berberecho",3082073.61,15941733.88,NA,NA,NA
2017,"bertorellas",8265.1,36702.44,NA,NA,NA
2017,"boga",6645677.18,2631318.21,NA,NA,NA
2017,"bolos",33560.33,42978.12,NA,NA,NA
2017,"breca",20553.28,57748.7999999999,NA,NA,NA
2017,"cabras",233.9,1467.91,NA,NA,NA
2017,"cangrexo real",4222.5,37462.27,NA,NA,NA
2017,"carallos de mar nep",17737,36355.89,NA,NA,NA
2017,"cazapa",83914,45751.79,NA,NA,NA
2017,"cazón",69087,43692.8,NA,NA,NA
2017,"cigala",107650.95,1614967.9,NA,NA,NA
2017,"cogombro de mar negro",885,2938.5,NA,NA,NA
2017,"corno",1341.3,1492.65,NA,NA,NA
2017,"correa",66959,35508.15,NA,NA,NA
2017,"escacho de cremalleira",24948.95,34984.17,NA,NA,NA
2017,"escachos",331726.16,802676.33,NA,NA,NA
2017,"escolar negro",103680.2,289805.36,NA,NA,NA
2017,"faneca",1127598.62,2168534.07999999,NA,NA,NA
2017,"fideo de mar",6681,6624.9,NA,NA,NA
2017,"fodón",18677.5,28454.89,NA,NA,NA
2017,"galludo",94219.4,478047.6,NA,NA,NA
2017,"gavilán",3296.08,248735.89,NA,NA,NA
2017,"lapas",1044.5,2812,NA,NA,NA
2017,"limanda",132,361.68,NA,NA,NA
2017,"lorchos",12948.35,20218.19,NA,NA,NA
2017,"maragota",309377.78,763600.359999999,NA,NA,NA
2017,"marlíns",456,963.04,NA,NA,NA
2017,"maruca",289596.23,519559.46,NA,NA,NA
2017,"melgas",304.5,308.1,NA,NA,NA
2017,"melva",63245.05,105767.51,NA,NA,NA
2017,"melvas",5435.6,7952.01,NA,NA,NA
2017,"merlán",10497.14,13770.73,NA,NA,NA
2017,"mero",34177.82,722008.39,NA,NA,NA
2017,"mexilla",144984.04,81855.92,NA,NA,NA
2017,"miñoca",13.62,258.4,NA,NA,NA
2017,"miñoca de area",284.68,13351.69,NA,NA,NA
2017,"miñoca de tubo",1020.51,28122.5,NA,NA,NA
2017,"muxos",79433.85,68758.34,NA,NA,NA
2017,"nécora",149154.14,2251779.84,NA,NA,NA
2017,"ortiguilla de mar",18436.72,147657.81,NA,NA,NA
2017,"ostra plana",78994.5,422110.69,NA,NA,NA
2017,"ostra rizada",74977.07,86313.84,NA,NA,NA
2017,"ovas de maruca",2287,8191.22,NA,NA,NA
2017,"ovas de pescada",208492.55,733724.590000001,NA,NA,NA
2017,"palometón",5,71.25,NA,NA,NA
2017,"pampos",3269.1,14160.96,NA,NA,NA
2017,"patexo",2792,523.34,NA,NA,NA
2017,"peixe espada",1048291.15,6883216.91000001,NA,NA,NA
2017,"peixes mariños nep",47278.5100000001,104392.12,NA,NA,NA
2017,"percebe",343492.73,9573208.21999999,NA,NA,NA
2017,"piardas",72136.55,89472.81,NA,NA,NA
2017,"potón común",15,45.25,NA,NA,NA
2017,"raia boca de rosa",2277.45,5165.16,NA,NA,NA
2017,"raia santiaguesa",219084.75,420465.06,NA,NA,NA
2017,"raias",825478.259999999,2061391.85,NA,NA,NA
2017,"rapapelos de ollos grandes",10,28.41,NA,NA,NA
2017,"rei",12617,68096.5,NA,NA,NA
2017,"reló",274554.15,618138.23,NA,NA,NA
2017,"ripia",10546.35,89162.1699999999,NA,NA,NA
2017,"rodaballo",63409.26,1134053.72,NA,NA,NA
2017,"salema",361.5,243.55,NA,NA,NA
2017,"serra",285.1,976.62,NA,NA,NA
2017,"tomás",895.75,2371.65,NA,NA,NA
2017,"volandeira",174442.05,641506.18,NA,NA,NA
2017,"zamburiña",10862.55,77691.03,NA,NA,NA
2016,"ameixón",72247.88,257578.47,NA,NA,NA
2016,"anguilas",33005.93,623797.84,NA,NA,NA
2016,"argazo",166430,75709.24,NA,NA,NA
2016,"atúns",48319.6,170968.93,NA,NA,NA
2016,"bacoreta",427816.3,994256.36,NA,NA,NA
2016,"barbo común",6,40,NA,NA,NA
2016,"berberecho",2028558.48,9308745.74,NA,NA,NA
2016,"bertorellas",14933.55,48304.57,NA,NA,NA
2016,"boga",11464463.35,4314012.29,NA,NA,NA
2016,"bolos",26891.45,32102.86,NA,NA,NA
2016,"breca",13115.36,37803.08,NA,NA,NA
2016,"cabras",400.1,1224.26,NA,NA,NA
2016,"cangrexo real",5394,40447.02,NA,NA,NA
2016,"carallos de mar nep",32423.5,82306.16,NA,NA,NA
2016,"cazapa",79980,42110.9,NA,NA,NA
2016,"cazón",52097.8,35518.42,NA,NA,NA
2016,"cigala",113140.9,1820941.06,NA,NA,NA
2016,"corno",3211.3,4592.92,NA,NA,NA
2016,"correa",117715.5,59777.85,NA,NA,NA
2016,"escacho de cremalleira",4432.3,6073.53,NA,NA,NA
2016,"escachos",412291.240000001,958027.7,NA,NA,NA
2016,"escolar negro",100656,300219.57,NA,NA,NA
2016,"faneca",1417181.55,2435810.08999999,NA,NA,NA
2016,"fodón",14366.25,24639.88,NA,NA,NA
2016,"galludo",79344,365855.77,NA,NA,NA
2016,"gavilán",2994.03,236729.7,NA,NA,NA
2016,"lapas",554,1692,NA,NA,NA
2016,"leituga de mar",28148,20083.9,NA,NA,NA
2016,"lorchos",14422.45,20541.22,NA,NA,NA
2016,"maragota",329640.55,707962.570000002,NA,NA,NA
2016,"marlíns",702,1209.02,NA,NA,NA
2016,"maruca",335823.7,593638.03,NA,NA,NA
2016,"melgas",568.7,1922.66,NA,NA,NA
2016,"melva",409498.87,535816.95,NA,NA,NA
2016,"melvas",159701.6,208482.37,NA,NA,NA
2016,"merlán",12871.58,25991.44,NA,NA,NA
2016,"mero",32787.87,667524.180000001,NA,NA,NA
2016,"mexilla",99164.28,74090.85,NA,NA,NA
2016,"miñoca",20.47,449.8,NA,NA,NA
2016,"miñoca de area",488.02,14938.04,NA,NA,NA
2016,"miñoca de tubo",1321.97,29388.2,NA,NA,NA
2016,"muxos",91958.6,83626.73,NA,NA,NA
2016,"nécora",113843.85,1966322.98,NA,NA,NA
2016,"ortiguilla de mar",15388,113964,NA,NA,NA
2016,"ostra plana",243106.05,493014.39,NA,NA,NA
2016,"ostra rizada",60024.09,55761.47,NA,NA,NA
2016,"ovas de maruca",1338,2523.49,NA,NA,NA
2016,"ovas de pescada",238005.39,747333.43,NA,NA,NA
2016,"palometón",25,58.5,NA,NA,NA
2016,"pampos",6995.55,45802.56,NA,NA,NA
2016,"patexo",2241,224.1,NA,NA,NA
2016,"peixe espada",1040142.8,7002321.63,NA,NA,NA
2016,"peixes mariños nep",59778.52,119885.15,NA,NA,NA
2016,"percebe",387137.11,9526384.82000001,NA,NA,NA
2016,"pescada do senegal",3.2,6.4,NA,NA,NA
2016,"piardas",65347.1,75498.8900000001,NA,NA,NA
2016,"potón común",216.5,541.52,NA,NA,NA
2016,"raia boca de rosa",2145.5,4519.26,NA,NA,NA
2016,"raia santiaguesa",216606.65,413005.21,NA,NA,NA
2016,"raias",780212.18,1908141.2,NA,NA,NA
2016,"rapapelos de ollos grandes",14,42.8,NA,NA,NA
2016,"rei",15881.65,87536.5799999999,NA,NA,NA
2016,"reló",260572.65,589621.46,NA,NA,NA
2016,"ripia",14281.3,122256.62,NA,NA,NA
2016,"rodaballo",66773.59,1235917.86,NA,NA,NA
2016,"salema",619,297.3,NA,NA,NA
2016,"serra",2652.8,5782.17,NA,NA,NA
2016,"tomás",5265.25,5627.65,NA,NA,NA
2016,"volandeira",102207.65,385434.15,NA,NA,NA
2016,"zamburiña",7346.25,43867.96,NA,NA,NA
2015,"algas vermellas",20619,25604.7,NA,NA,NA
2015,"ameixón",69712.25,176264.87,NA,NA,NA
2015,"anguilas",28994.74,486704.84,NA,NA,NA
2015,"argazo",112409.5,49218.5,NA,NA,NA
2015,"atúns",19037.25,102994.07,NA,NA,NA
2015,"bacoreta",105129.7,196682.1,NA,NA,NA
2015,"barbo común",1.5,3,NA,NA,NA
2015,"berberecho",2649192.35,13410475.3,NA,NA,NA
2015,"bertorellas",17521,52437.65,NA,NA,NA
2015,"boga",6813793.6,3005126.01,NA,NA,NA
2015,"bolos",29313.35,52768.56,NA,NA,NA
2015,"breca",40997.24,133664.8,NA,NA,NA
2015,"cabras",87.4,305.86,NA,NA,NA
2015,"cangrexo real",2665.8,22146.02,NA,NA,NA
2015,"carallos de mar nep",6786,17098.57,NA,NA,NA
2015,"cazapa",33325,13957.67,NA,NA,NA
2015,"cazón",107478.72,80592.0400000001,NA,NA,NA
2015,"cigala",110067.34,1608602.23,NA,NA,NA
2015,"corno",724.5,881.77,NA,NA,NA
2015,"correa",57566,24610.42,NA,NA,NA
2015,"escachos",397209.09,919250.700000003,NA,NA,NA
2015,"escolar negro",34984,111904.2,NA,NA,NA
2015,"faneca",902349.880000004,1990639.41999999,NA,NA,NA
2015,"fodón",12458.8,17717.24,NA,NA,NA
2015,"galludo",54241.5,250332.79,NA,NA,NA
2015,"gavilán",2947.88,209185.01,NA,NA,NA
2015,"lapas",2.1,5.25,NA,NA,NA
2015,"leituga de mar",33864,28157.2,NA,NA,NA
2015,"lorchos",3777.6,6328.76,NA,NA,NA
2015,"maragota",299517.64,637923.409999999,NA,NA,NA
2015,"marlíns",28,112,NA,NA,NA
2015,"maruca",368499.64,659101.06,NA,NA,NA
2015,"melgas",40,20.25,NA,NA,NA
2015,"melva",145402.84,170891.01,NA,NA,NA
2015,"melvas",65079,74090.65,NA,NA,NA
2015,"merlán",10340.7,13458.13,NA,NA,NA
2015,"mero",34139.84,633234.29,NA,NA,NA
2015,"mexilla",169068.68,152888.63,NA,NA,NA
2015,"miñoca",28.58,584.2,NA,NA,NA
2015,"miñoca de area",309.56,9948.03,NA,NA,NA
2015,"miñoca de tubo",1330.67,29807.56,NA,NA,NA
2015,"muxos",115414.1,108001.76,NA,NA,NA
2015,"nécora",106854.66,1724325.84,NA,NA,NA
2015,"ortiguilla de mar",11420.5,78234.76,NA,NA,NA
2015,"ostra plana",27326.97,115571.1,NA,NA,NA
2015,"ostra rizada",22622.5,19985.56,NA,NA,NA
2015,"ovas de maruca",1,0.2,NA,NA,NA
2015,"ovas de pescada",212235.46,692031.460000002,NA,NA,NA
2015,"palometón",31,92.16,NA,NA,NA
2015,"pampos",433.8,3062.97,NA,NA,NA
2015,"peixe espada",867277.5,5056887.32,NA,NA,NA
2015,"peixes mariños nep",131840.99,185367.01,NA,NA,NA
2015,"percebe",314269.99,7544804.21999999,NA,NA,NA
2015,"pescada do senegal",180,360,NA,NA,NA
2015,"piardas",39090.06,51509.53,NA,NA,NA
2015,"potón común",4110,617.78,NA,NA,NA
2015,"raia boca de rosa",874,1427.95,NA,NA,NA
2015,"raia santiaguesa",209285.9,388249.08,NA,NA,NA
2015,"raias",690952.2,1593085.26,NA,NA,NA
2015,"rei",36563.9,199344.82,NA,NA,NA
2015,"reló",226259.15,290121.03,NA,NA,NA
2015,"ripia",11126.77,85125.34,NA,NA,NA
2015,"rodaballo",55140.8,975436.62,NA,NA,NA
2015,"salema",509.8,485,NA,NA,NA
2015,"serra",365.2,629.81,NA,NA,NA
2015,"tomás",1242.65,4823.83,NA,NA,NA
2015,"volandeira",103380.95,391867.31,NA,NA,NA
2015,"zamburiña",2395.75,15777.19,NA,NA,NA
2014,"acedía",59092.1400000002,317623.010000001,NA,NA,NA
2014,"ameixón",31278.25,31270.1,NA,NA,NA
2014,"anguilas",39692.29,564118.95,NA,NA,NA
2014,"argazo",17467.96,22617.07,NA,NA,NA
2014,"atúns",4493.55,24085.56,NA,NA,NA
2014,"bacoreta",283196.15,702183.14,NA,NA,NA
2014,"berberecho",1268232.62,7872367.73,NA,NA,NA
2014,"bertorellas",175,485.26,NA,NA,NA
2014,"boga",10028610.49,3855026.41,NA,NA,NA
2014,"bolos",92968.85,103726.17,NA,NA,NA
2014,"breca",21707.5,51383.02,NA,NA,NA
2014,"cabras",163,350.5,NA,NA,NA
2014,"cangrexo real",2476.5,11609.73,NA,NA,NA
2014,"carallos de mar nep",10273,21008.1,NA,NA,NA
2014,"cazón",46054.5,25329.94,NA,NA,NA
2014,"cigala",169790.6,2275306.13,NA,NA,NA
2014,"corno",1881.9,3114.42,NA,NA,NA
2014,"correa",20707,9843.8,NA,NA,NA
2014,"escachos",985521.66,1907711.85,NA,NA,NA
2014,"escolar negro",40685,122535.35,NA,NA,NA
2014,"faneca",1592978.94,2864059.42,NA,NA,NA
2014,"fodón",14585.8,20475.48,NA,NA,NA
2014,"fucus",1.98,0.99,NA,NA,NA
2014,"galludo",95340.25,411242.05,NA,NA,NA
2014,"gavilán",3434.94,209976.38,NA,NA,NA
2014,"lapas",184,245.41,NA,NA,NA
2014,"leituga de mar",15322,15322,NA,NA,NA
2014,"maragota",267478.48,574541.720000001,NA,NA,NA
2014,"marlíns",167,400.8,NA,NA,NA
2014,"maruca",447971.76,718060.329999999,NA,NA,NA
2014,"melva",317791.45,366248.43,NA,NA,NA
2014,"melvas",3350.9,2561.39,NA,NA,NA
2014,"merlán",8684.36,11901.97,NA,NA,NA
2014,"mero",50562.11,779287.66,NA,NA,NA
2014,"mexilla",98905.78,89868.33,NA,NA,NA
2014,"miñoca",62.78,1640,NA,NA,NA
2014,"miñoca de area",179.86,4628.86,NA,NA,NA
2014,"miñoca de tubo",983.450000000001,23337.74,NA,NA,NA
2014,"muxos",71514.6,59813.3499999999,NA,NA,NA
2014,"nécora",98223.57,1561555.71,NA,NA,NA
2014,"ortiguilla de mar",4198,30477.94,NA,NA,NA
2014,"ostra plana",64118.14,290382.61,NA,NA,NA
2014,"ostra rizada",23609.11,23881.99,NA,NA,NA
2014,"ovas de maruca",879,1722.47,NA,NA,NA
2014,"ovas de pescada",256204.65,719587.360000002,NA,NA,NA
2014,"pampos",1917,10562.04,NA,NA,NA
2014,"patelo",3200,660,NA,NA,NA
2014,"peixe espada",772797,4369212.14,NA,NA,NA
2014,"peixes mariños nep",171484.65,280367.980000001,NA,NA,NA
2014,"percebe",323775.06,7617297.48000001,NA,NA,NA
2014,"pescada do senegal",399,184.8,NA,NA,NA
2014,"piardas",62823.65,91563.3600000001,NA,NA,NA
2014,"raia boca de rosa",222.5,650.94,NA,NA,NA
2014,"raia santiaguesa",175031.2,279831.54,NA,NA,NA
2014,"raias",774396.690000001,1597698.25,NA,NA,NA
2014,"rapapelos de ollos grandes",2.7,2.95,NA,NA,NA
2014,"rei",42534.1499999999,262488.69,NA,NA,NA
2014,"reló",14,25.4,NA,NA,NA
2014,"ripia",12286.3,83951.5300000001,NA,NA,NA
2014,"rodaballo",54810.1,887377.279999999,NA,NA,NA
2014,"salema",213.15,110.19,NA,NA,NA
2014,"tomás",932.25,2288,NA,NA,NA
2014,"volandeira",141905.55,341830.23,NA,NA,NA
2014,"zamburiña",4575.45,26548.99,NA,NA,NA
2013,"acedía",67777.6700000001,310602.520000001,NA,NA,NA
2013,"ameixón",11708,11070.75,NA,NA,NA
2013,"anguilas",47351.65,876786.03,NA,NA,NA
2013,"argazo",87384,43511.26,NA,NA,NA
2013,"atúns",2289,14695.96,NA,NA,NA
2013,"bacoreta",81919.23,183909.63,NA,NA,NA
2013,"barbo común",7,48,NA,NA,NA
2013,"berberecho",1776473.44,7480318.70999999,NA,NA,NA
2013,"boga",9500808.96,4280377.46,NA,NA,NA
2013,"bolos",55042.1,66287.06,NA,NA,NA
2013,"breca",138311.7,164212.63,NA,NA,NA
2013,"cabras",417,1067.56,NA,NA,NA
2013,"cangrexo real",28,55,NA,NA,NA
2013,"carallos de mar nep",3970,5478,NA,NA,NA
2013,"castañetas",16,71.84,NA,NA,NA
2013,"cazón",68705.5,45345,NA,NA,NA
2013,"cigala",219765.8,3762308.41,NA,NA,NA
2013,"corno",1666.6,2639.54,NA,NA,NA
2013,"correa",4498.8,2360.5,NA,NA,NA
2013,"escachos",1529409.95,2494988.82,NA,NA,NA
2013,"faneca",2457295.36,4264840.24999999,NA,NA,NA
2013,"fodón",19485.55,30933.04,NA,NA,NA
2013,"galludo",124591.5,397625.75,NA,NA,NA
2013,"gavilán",3512.85000000001,209302.26,NA,NA,NA
2013,"lapas",21.8,36.94,NA,NA,NA
2013,"maragota",263426.72,574533.080000001,NA,NA,NA
2013,"marlíns",996,2437.8,NA,NA,NA
2013,"maruca",439740.34,779918.85,NA,NA,NA
2013,"melva",74193.4,101042.28,NA,NA,NA
2013,"merlán",24643.8,32513.18,NA,NA,NA
2013,"mero",91819.42,1416647.36,NA,NA,NA
2013,"mexilla",114873.44,105119.2,NA,NA,NA
2013,"miñoca",32.56,602,NA,NA,NA
2013,"miñoca de area",27.06,523.8,NA,NA,NA
2013,"miñoca de tubo",994.700000000002,24141.37,NA,NA,NA
2013,"muxos",92864.74,55283.4000000001,NA,NA,NA
2013,"nécora",94454.25,1479005.13,NA,NA,NA
2013,"ortiguilla de mar",1523,11599,NA,NA,NA
2013,"ostra plana",25855.46,126827.18,NA,NA,NA
2013,"ostra rizada",13293.3,13054.52,NA,NA,NA
2013,"ovas de maruca",1547,6451.82,NA,NA,NA
2013,"ovas de pescada",168174.14,505928.220000001,NA,NA,NA
2013,"pampos",43.5,285.36,NA,NA,NA
2013,"patelo",8687,2133.2,NA,NA,NA
2013,"peixe espada",823593,4409672.21,NA,NA,NA
2013,"peixes mariños nep",209374.98,359367.010000001,NA,NA,NA
2013,"percebe",324577.4,6965633.96999999,NA,NA,NA
2013,"piardas",64091.15,73340.45,NA,NA,NA
2013,"raia santiaguesa",186643.8,401846.77,NA,NA,NA
2013,"raias",1133813.94,2162092.87,NA,NA,NA
2013,"rapapelos de ollos grandes",9.65,19.35,NA,NA,NA
2013,"rei",34729.02,266814.93,NA,NA,NA
2013,"ripia",13106.75,94714.57,NA,NA,NA
2013,"rodaballo",72424.69,1067779.82,NA,NA,NA
2013,"rosada do cabo",3099,14164.84,NA,NA,NA
2013,"salema",11.15,21.2,NA,NA,NA
2013,"serra",473,1825.88,NA,NA,NA
2013,"tomás",2126.8,7276.39,NA,NA,NA
2013,"volandeira",242566.3,472052.55,NA,NA,NA
2013,"zamburiña",67,268,NA,NA,NA
2012,"acedía",77679.0299999999,391913.230000001,NA,NA,NA
2012,"ameixón",4819.5,4643.9,NA,NA,NA
2012,"anguilas",37101.58,551813.83,NA,NA,NA
2012,"argazo",82322,32105.58,NA,NA,NA
2012,"argazo bravo",3430,2572.5,NA,NA,NA
2012,"atúns",1309,7598.57,NA,NA,NA
2012,"bacoreta",167339.05,317558.81,NA,NA,NA
2012,"berberecho",1815698.21,9079912.48000001,NA,NA,NA
2012,"bertorellas",2500,10650,NA,NA,NA
2012,"boga",13304551,8917084.52,NA,NA,NA
2012,"bolos",79014.85,62524.75,NA,NA,NA
2012,"breca",35641.95,110648.24,NA,NA,NA
2012,"cangrexo real",22.5,90.5,NA,NA,NA
2012,"castañetas",314.8,1693.62,NA,NA,NA
2012,"cazón",88568.85,62048.1499999999,NA,NA,NA
2012,"cigala",364718.65,4917629.57,NA,NA,NA
2012,"corno",3873.05,5661.79,NA,NA,NA
2012,"escachos",1690300.84,3085831.12,NA,NA,NA
2012,"faneca",3198297.95,5995412.51000002,NA,NA,NA
2012,"fodón",26079.5,42654.62,NA,NA,NA
2012,"galludo",78198.1,307135.31,NA,NA,NA
2012,"gavilán",3396.35000000001,182705.72,NA,NA,NA
2012,"lapas",274.2,762.6,NA,NA,NA
2012,"leituga de mar",5240,4422,NA,NA,NA
2012,"maragota",280599.38,605775.610000001,NA,NA,NA
2012,"marlíns",155,562.4,NA,NA,NA
2012,"maruca",587416.1,1063287.54,NA,NA,NA
2012,"melgas",1694,3221.54,NA,NA,NA
2012,"melva",1767233.3,1779016.2,NA,NA,NA
2012,"merlán",44376.5,53797.72,NA,NA,NA
2012,"mero",213974.55,2743293.95,NA,NA,NA
2012,"mexilla",89489.98,81804.86,NA,NA,NA
2012,"miñoca",32.82,609,NA,NA,NA
2012,"miñoca de area",39.69,565.69,NA,NA,NA
2012,"miñoca de tubo",967.34,23747.34,NA,NA,NA
2012,"muxos",55838.23,37876.23,NA,NA,NA
2012,"nécora",116236.03,1601667.5,NA,NA,NA
2012,"ortiguilla de mar",3560.88,25337.16,NA,NA,NA
2012,"ostra plana",52639.78,261816.81,NA,NA,NA
2012,"ostra rizada",52177.95,55021.38,NA,NA,NA
2012,"ovas de maruca",914,5484,NA,NA,NA
2012,"ovas de pescada",119355.77,356918.390000001,NA,NA,NA
2012,"pampos",5576.3,26382.57,NA,NA,NA
2012,"peixe espada",677434,4428678.43,NA,NA,NA
2012,"peixes mariños nep",352352.98,575497.150000002,NA,NA,NA
2012,"percebe",339172.26,7355992.06,NA,NA,NA
2012,"pescada do senegal",2070,2078.1,NA,NA,NA
2012,"piardas",89926.3,116647.48,NA,NA,NA
2012,"raia santiaguesa",211843,530540.6,NA,NA,NA
2012,"raias",1217901.42,2216232.68,NA,NA,NA
2012,"rapapelos de ollos grandes",14.95,40.76,NA,NA,NA
2012,"rei",22092.1,136563.51,NA,NA,NA
2012,"ripia",13988.65,97932.55,NA,NA,NA
2012,"rodaballo",67988.7800000002,1034023.65,NA,NA,NA
2012,"rosada do cabo",33,170.28,NA,NA,NA
2012,"salema",40,81.81,NA,NA,NA
2012,"serra",9598.5,11566.26,NA,NA,NA
2012,"tomás",2984.95,4318.72,NA,NA,NA
2012,"volandeira",209839.95,502288.2,NA,NA,NA
2011,"acedía",75257.3899999999,425267.54,NA,NA,NA
2011,"anguilas",31982.35,307160.79,NA,NA,NA
2011,"argazo",45661,22067.23,NA,NA,NA
2011,"argazo bravo",1900,1415,NA,NA,NA
2011,"atúns",28546.5,134020.43,NA,NA,NA
2011,"bacoreta",86065.05,184802.45,NA,NA,NA
2011,"berberecho",3314966.1,16442211.25,NA,NA,NA
2011,"boga",4929952.2,2734960.08,NA,NA,NA
2011,"bolos",44384,60145.21,NA,NA,NA
2011,"breca",22768.15,92510.1199999999,NA,NA,NA
2011,"cangrexo real",155.05,192.46,NA,NA,NA
2011,"cazón",81548.3500000001,63811.67,NA,NA,NA
2011,"chirla",0.75,1.88,NA,NA,NA
2011,"cigala",408825.08,5192033.59,NA,NA,NA
2011,"corno",4921.1,7985.3,NA,NA,NA
2011,"correa",2515,1760.5,NA,NA,NA
2011,"escachos",849233.040000003,1735275.86,NA,NA,NA
2011,"escolar negro",17340,51461.25,NA,NA,NA
2011,"faneca",1814051.18,3973362.72999998,NA,NA,NA
2011,"fodón",14098.4,26958.11,NA,NA,NA
2011,"galludo",7058.25,35141.86,NA,NA,NA
2011,"gavilán",3250.85,173071.2,NA,NA,NA
2011,"lapas",445.25,1200.78,NA,NA,NA
2011,"leituga de mar",1947,1767.45,NA,NA,NA
2011,"maragota",251130.97,577902.499999999,NA,NA,NA
2011,"maruca",556775.03,1053100.57,NA,NA,NA
2011,"melva",34044.2,44777.09,NA,NA,NA
2011,"merlán",25451.5,36312.39,NA,NA,NA
2011,"mero",733204.21,9321186.80000001,NA,NA,NA
2011,"mexilla",69577.38,62943.42,NA,NA,NA
2011,"miñoca",44.54,1007.16,NA,NA,NA
2011,"miñoca de area",599.23,11440.67,NA,NA,NA
2011,"miñoca de tubo",759.779999999999,17915.4,NA,NA,NA
2011,"muxos",44848.98,27919.67,NA,NA,NA
2011,"nécora",113804.66,1794741.9,NA,NA,NA
2011,"ortiguilla de mar",1826.5,13653,NA,NA,NA
2011,"ostra plana",14147.43,71510.27,NA,NA,NA
2011,"ostra rizada",97135.2,96964.91,NA,NA,NA
2011,"ovas de maruca",1014.5,4645.84,NA,NA,NA
2011,"ovas de pescada",105370.43,360609.830000001,NA,NA,NA
2011,"pampos",1783.5,11204.32,NA,NA,NA
2011,"peixe espada",626680.5,4402259.26,NA,NA,NA
2011,"peixes mariños nep",707194.97,849497.580000001,NA,NA,NA
2011,"percebe",368369.35,9448702.27,NA,NA,NA
2011,"pescada do senegal",8292,10328.92,NA,NA,NA
2011,"piardas",47083.07,71088.5,NA,NA,NA
2011,"raia santiaguesa",470959,1157190.98,NA,NA,NA
2011,"raias",1228788.98,2507644.25999999,NA,NA,NA
2011,"rapapelos de ollos grandes",72.5,126.23,NA,NA,NA
2011,"rei",24131.92,167639.48,NA,NA,NA
2011,"reló",11.7,20.62,NA,NA,NA
2011,"ripia",10715.4,78231.05,NA,NA,NA
2011,"rodaballo",54986.3199999999,915124.46,NA,NA,NA
2011,"rosada do cabo",14894.5,47167.58,NA,NA,NA
2011,"salema",21.75,35.7,NA,NA,NA
2011,"tomás",49321.4,74371.47,NA,NA,NA
2011,"volandeira",164688.9,465745.32,NA,NA,NA
2011,"zamburiña",376.5,1519.79,NA,NA,NA
2010,"acedía",59041.46,323912.990000001,NA,NA,NA
2010,"anguilas",28497,264462.44,NA,NA,NA
2010,"argazo",32099,15669.69,NA,NA,NA
2010,"argazo bravo",1450,290,NA,NA,NA
2010,"atúns",11273.35,48635.51,NA,NA,NA
2010,"bacoreta",166536.65,260850.55,NA,NA,NA
2010,"barbo común",6,36,NA,NA,NA
2010,"berberecho",2875551.36999999,14452106.08,NA,NA,NA
2010,"boga",966800.9,217257.99,NA,NA,NA
2010,"bolos",84961.4,81312.09,NA,NA,NA
2010,"breca",9907.6,28429.96,NA,NA,NA
2010,"buche bravo",2743,551,NA,NA,NA
2010,"cangrexo real",228.8,928.87,NA,NA,NA
2010,"cazón",99657.46,99216.23,NA,NA,NA
2010,"chirla",2.05,3.38,NA,NA,NA
2010,"cigala",443288.08,6542661.4,NA,NA,NA
2010,"corno",2707.15,3997.54,NA,NA,NA
2010,"cornudas",157.2,196.29,NA,NA,NA
2010,"correa",10969.69,6629.08,NA,NA,NA
2010,"escachos",529853.44,1082660.73,NA,NA,NA
2010,"escolar negro",88849,186650.3,NA,NA,NA
2010,"faneca",1405285.61,2467255.52,NA,NA,NA
2010,"fideo de mar",9.99,7.98,NA,NA,NA
2010,"fodón",10160.55,20097.25,NA,NA,NA
2010,"fucus",2558.2,619.21,NA,NA,NA
2010,"galludo",57636,232003.36,NA,NA,NA
2010,"gavilán",3027.57,171794.71,NA,NA,NA
2010,"lapas",2818.7,6116.3,NA,NA,NA
2010,"leituga de mar",1181.59,1178.73,NA,NA,NA
2010,"maragota",265065.89,563303.8,NA,NA,NA
2010,"maruca",474668.75,827206.57,NA,NA,NA
2010,"melgas",2471,2423.43,NA,NA,NA
2010,"melva",7970.7,5644.02,NA,NA,NA
2010,"merlán",9227,11518.81,NA,NA,NA
2010,"mero",574475.4,7380544.42,NA,NA,NA
2010,"mexilla",63616,57316.41,NA,NA,NA
2010,"miñoca",31.93,577.24,NA,NA,NA
2010,"miñoca de area",950.28,17976.58,NA,NA,NA
2010,"miñoca de tubo",828.319999999999,20344.12,NA,NA,NA
2010,"muxos",64274.96,32964.7,NA,NA,NA
2010,"nécora",117924.42,2021585.87,NA,NA,NA
2010,"ortiguilla de mar",4425.5,33322.8,NA,NA,NA
2010,"ostra plana",12128.99,56572.42,NA,NA,NA
2010,"ostra rizada",59578,61212.61,NA,NA,NA
2010,"ovas de peixe pau",521,1148,NA,NA,NA
2010,"ovas de pescada",139182.7,553630.25,NA,NA,NA
2010,"palometón",53.5,160.5,NA,NA,NA
2010,"peixe espada",618312,4394303.27,NA,NA,NA
2010,"peixes mariños nep",686407.080000002,868055.590000002,NA,NA,NA
2010,"percebe",367123.16,10029810.75,NA,NA,NA
2010,"piardas",68908.14,71405.6,NA,NA,NA
2010,"raia santiaguesa",194760,437161.18,NA,NA,NA
2010,"raias",1404767.52,2918021.46,NA,NA,NA
2010,"rei",37034.9,181212.56,NA,NA,NA
2010,"reló",30.6,72.52,NA,NA,NA
2010,"ripia",13440.75,95704.07,NA,NA,NA
2010,"rodaballo",57381.35,971836.110000002,NA,NA,NA
2010,"salema",29.5,27.68,NA,NA,NA
2010,"serra",2882.25,4904.46,NA,NA,NA
2010,"tomás",31622.45,86274.97,NA,NA,NA
2010,"volandeira",395490.23,714352.84,NA,NA,NA
2010,"zamburiña",800,2998.6,NA,NA,NA
2009,"acedía",34453.61,231166.360000001,NA,NA,NA
2009,"algas vermellas",1400,700,NA,NA,NA
2009,"anguilas",45734.5,421883.07,NA,NA,NA
2009,"argazo",37855.3,15492.21,NA,NA,NA
2009,"argazo bravo",50,35,NA,NA,NA
2009,"atúns",2166,8626.47,NA,NA,NA
2009,"bacoreta",52430.2,110885.08,NA,NA,NA
2009,"berberecho",3255328.64,14017600.31,NA,NA,NA
2009,"bicho",10.65,576.45,NA,NA,NA
2009,"boga",745904.6,134303.33,NA,NA,NA
2009,"bolos",74169.15,89445.15,NA,NA,NA
2009,"breca",7920.55,37930.13,NA,NA,NA
2009,"cazón",153630.75,138675.72,NA,NA,NA
2009,"chirla",2.7,5.54,NA,NA,NA
2009,"cigala",647608.99,8275180.51999999,NA,NA,NA
2009,"corno",4070.6,7649.95,NA,NA,NA
2009,"cornudas",2844,3284.36,NA,NA,NA
2009,"correa",4200,2940,NA,NA,NA
2009,"escachos",503517.46,753108.12,NA,NA,NA
2009,"escolar negro",91134,187176.4,NA,NA,NA
2009,"faneca",994675.65,1735219.05,NA,NA,NA
2009,"fodón",7578.25,20951.1,NA,NA,NA
2009,"gavilán",1758.31,113366.99,NA,NA,NA
2009,"lapas",5686.75,12736.37,NA,NA,NA
2009,"leituga de mar",4170,4152,NA,NA,NA
2009,"limanda",102,116.28,NA,NA,NA
2009,"maragota",244773.38,496672.18,NA,NA,NA
2009,"maruca",892910.3,1253922.13,NA,NA,NA
2009,"melgas",4241,3513.4,NA,NA,NA
2009,"melva",10726.9,9788.17,NA,NA,NA
2009,"merlán",18490,19097.55,NA,NA,NA
2009,"mero",397992.42,4960395.36,NA,NA,NA
2009,"mexilla",85546.85,85490.31,NA,NA,NA
2009,"miñoca",87.6,1542,NA,NA,NA
2009,"miñoca de area",1311.61,24533.64,NA,NA,NA
2009,"miñoca de tubo",524.57,10940.39,NA,NA,NA
2009,"muxos",39998.5,17310.87,NA,NA,NA
2009,"nécora",119243.5,1976160.22,NA,NA,NA
2009,"ortiguilla de mar",1135.5,8648,NA,NA,NA
2009,"ostra plana",20634.09,94620.24,NA,NA,NA
2009,"ostra rizada",2,1.36,NA,NA,NA
2009,"ovas de maruca",100,310,NA,NA,NA
2009,"ovas de pescada",146537.16,627843.760000001,NA,NA,NA
2009,"peixe espada",884203.5,5055512.48,NA,NA,NA
2009,"peixes mariños nep",840526.999999999,1060611.22,NA,NA,NA
2009,"percebe",306147.03,8599398.03000001,NA,NA,NA
2009,"pescada do senegal",2500,750,NA,NA,NA
2009,"piardas",55749.96,56810.5,NA,NA,NA
2009,"raias",1591762.22,3012196.73999999,NA,NA,NA
2009,"rei",33314.4,164730.49,NA,NA,NA
2009,"reló",2.75,7.21,NA,NA,NA
2009,"ripia",11083,82143.54,NA,NA,NA
2009,"rodaballo",45682.2500000001,860875.720000001,NA,NA,NA
2009,"salema",78.75,99.71,NA,NA,NA
2009,"tomás",40297,66649.34,NA,NA,NA
2009,"volandeira",370938,572795.14,NA,NA,NA
2009,"zamburiña",1766.2,3325.85,NA,NA,NA
2008,"acedía",24398.59,216150.22,NA,NA,NA
2008,"anguilas",32767.1,300383.97,NA,NA,NA
2008,"argazo",36560.83,15647.3,NA,NA,NA
2008,"argazo bravo",1790,1611,NA,NA,NA
2008,"atúns",36443.15,325863.23,NA,NA,NA
2008,"bacoreta",47524.35,116551.88,NA,NA,NA
2008,"berberecho",5024411.66,17865392.34,NA,NA,NA
2008,"bicho",429.68,9477.78,NA,NA,NA
2008,"boga",639702.85,117819.3,NA,NA,NA
2008,"bolos",78657.75,58771.75,NA,NA,NA
2008,"breca",8112.8,38047.72,NA,NA,NA
2008,"cangrexo real",68.75,113.1,NA,NA,NA
2008,"cazón",188325.84,232852.55,NA,NA,NA
2008,"cigala",694538.2,10667755.37,NA,NA,NA
2008,"corno",6707.1,12725.77,NA,NA,NA
2008,"cornudas",1093,1980.5,NA,NA,NA
2008,"correa",10278,5693.4,NA,NA,NA
2008,"escachos",437952.44,784793.110000001,NA,NA,NA
2008,"escolar negro",104202,245025.23,NA,NA,NA
2008,"faneca",1132986.41,1841452.05999999,NA,NA,NA
2008,"fodón",13284.29,20458.47,NA,NA,NA
2008,"gavilán",90.81,5979.54,NA,NA,NA
2008,"lapas",6477.64,14441.98,NA,NA,NA
2008,"leituga de mar",2363.94,1913.94,NA,NA,NA
2008,"limanda",581,9425.7,NA,NA,NA
2008,"maragota",235488.02,556303.550000001,NA,NA,NA
2008,"maruca",778278.25,1256316.49,NA,NA,NA
2008,"melgas",10845,13222.85,NA,NA,NA
2008,"melva",23732.9,16467.56,NA,NA,NA
2008,"merlán",46221.5,40605.35,NA,NA,NA
2008,"mero",361144.75,4702543.72999999,NA,NA,NA
2008,"mexilla",81802.56,81730.42,NA,NA,NA
2008,"miñoca de area",864.49,11926.2,NA,NA,NA
2008,"miñoca de tubo",572.65,13515.82,NA,NA,NA
2008,"muxos",68814.35,39889.63,NA,NA,NA
2008,"nécora",113386.14,1927125.34,NA,NA,NA
2008,"ortiguilla de mar",836,6054,NA,NA,NA
2008,"ostra plana",15513.73,63911.06,NA,NA,NA
2008,"ovas de maruca",497,696.5,NA,NA,NA
2008,"ovas de pescada",121100.52,660657.460000002,NA,NA,NA
2008,"peixe espada",782293.68,4863069.44,NA,NA,NA
2008,"peixes mariños nep",1158231.52,1254357.34,NA,NA,NA
2008,"percebe",352660.83,10993874.41,NA,NA,NA
2008,"pescada do senegal",63789,143266.55,NA,NA,NA
2008,"piardas",60451.7,67929.57,NA,NA,NA
2008,"raias",3027991.03,5415826.57,NA,NA,NA
2008,"rei",30204.2,149487.73,NA,NA,NA
2008,"reló",66560.9,138789.57,NA,NA,NA
2008,"ripia",3815.1,43593.48,NA,NA,NA
2008,"rodaballo",52358.5,1092210.34,NA,NA,NA
2008,"rosada do cabo",25344,90577.08,NA,NA,NA
2008,"salema",35.75,27.59,NA,NA,NA
2008,"tomás",14234.55,14284.49,NA,NA,NA
2008,"volandeira",420421.92,684777.97,NA,NA,NA
2007,"acedía",43677.15,300774.73,NA,NA,NA
2007,"anguilas",28278.1,244073.65,NA,NA,NA
2007,"argazo",1055,417.4,NA,NA,NA
2007,"argazo bravo",2032,1828.8,NA,NA,NA
2007,"atúns",19528.75,137962.48,NA,NA,NA
2007,"bacoreta",112975.85,82927.3200000001,NA,NA,NA
2007,"berberecho",4708549.3,17627403.36,NA,NA,NA
2007,"bicho",1149.65,29747.57,NA,NA,NA
2007,"boga",506824.7,90955.57,NA,NA,NA
2007,"bolos",18072,18233.02,NA,NA,NA
2007,"breca",16924.05,67299.49,NA,NA,NA
2007,"cangrexo real",208.6,865.22,NA,NA,NA
2007,"cazón",262748.46,308813.04,NA,NA,NA
2007,"cigala",916308.45,13569647.54,NA,NA,NA
2007,"corno",5992.25,11119.94,NA,NA,NA
2007,"cornudas",342,860.6,NA,NA,NA
2007,"escachos",483333.58,782024.269999999,NA,NA,NA
2007,"escolar negro",59653,110246.46,NA,NA,NA
2007,"faneca",908556.610000001,1774188.44,NA,NA,NA
2007,"fideo de mar",793.02,713.74,NA,NA,NA
2007,"fodón",21866.7,33734.03,NA,NA,NA
2007,"lapas",4591.25,10718.75,NA,NA,NA
2007,"leituga de mar",522,469.8,NA,NA,NA
2007,"maragota",266439.14,646539.58,NA,NA,NA
2007,"maruca",937473.9,1594046.35,NA,NA,NA
2007,"melgas",46840,31580,NA,NA,NA
2007,"melva",2923.4,4935.42,NA,NA,NA
2007,"merlán",34822.5,30865.64,NA,NA,NA
2007,"mero",423814.85,5357889.26,NA,NA,NA
2007,"mexilla",172635.65,171353.06,NA,NA,NA
2007,"miñoca de area",153.05,3473.61,NA,NA,NA
2007,"miñoca de tubo",7.56,113.4,NA,NA,NA
2007,"muxos",47457.21,27537.64,NA,NA,NA
2007,"nécora",114120.57,2080647.63,NA,NA,NA
2007,"ostra plana",9770.24,46552.34,NA,NA,NA
2007,"ovas de pescada",120565.51,670479.260000001,NA,NA,NA
2007,"palometón",35.5,92,NA,NA,NA
2007,"peixe espada",842122.47,4978215.62,NA,NA,NA
2007,"peixes mariños nep",953361.620000002,1377877.37,NA,NA,NA
2007,"percebe",416139.74,13364229.62,NA,NA,NA
2007,"pescada do senegal",249716.5,537051.46,NA,NA,NA
2007,"piardas",50392.06,60848.92,NA,NA,NA
2007,"quimeira do cabo",7481,4216.5,NA,NA,NA
2007,"raias",3363984.05,6684980.29,NA,NA,NA
2007,"rei",49628.75,192674.2,NA,NA,NA
2007,"reló",66794,175166.68,NA,NA,NA
2007,"rodaballo",47133.6500000001,996343.330000001,NA,NA,NA
2007,"rosada do cabo",13122.5,52050.56,NA,NA,NA
2007,"tomás",36324.4,133724.31,NA,NA,NA
2007,"touca",462,462,NA,NA,NA
2007,"volandeira",407222.29,693883.71,NA,NA,NA
2006,"acedía",54444.12,350481.200000001,NA,NA,NA
2006,"anguilas",63111.15,535684.49,NA,NA,NA
2006,"argazo",26015,10197.03,NA,NA,NA
2006,"argazo bravo",1668,1501.2,NA,NA,NA
2006,"arola",435.98,871.96,NA,NA,NA
2006,"atúns",23618.25,139239.21,NA,NA,NA
2006,"bacoreta",197206.3,91946.1700000001,NA,NA,NA
2006,"berberecho",3413594.45,17214226.97,NA,NA,NA
2006,"bicho",218.39,10132.63,NA,NA,NA
2006,"boga",486740.65,85666.1399999999,NA,NA,NA
2006,"bolos",234790,101219.69,NA,NA,NA
2006,"breca",7881.35,38548.59,NA,NA,NA
2006,"cangrexo real",7.5,12,NA,NA,NA
2006,"cazón",202209.32,234718.1,NA,NA,NA
2006,"cigala",1166659.59,16510896.98,NA,NA,NA
2006,"corno",5412.5,7071.65,NA,NA,NA
2006,"cornudas",927,1431.7,NA,NA,NA
2006,"escachos",560572.13,843668.880000002,NA,NA,NA
2006,"escolar negro",29507,56227.96,NA,NA,NA
2006,"faneca",1134401.53,1971234.69,NA,NA,NA
2006,"fodón",28296.75,43467.82,NA,NA,NA
2006,"lapas",6378.46,15091.86,NA,NA,NA
2006,"limanda",1727,1662.87,NA,NA,NA
2006,"maragota",236286.86,558368.179999999,NA,NA,NA
2006,"maruca",1421786.6,2652227.12,NA,NA,NA
2006,"melgas",58375,76049.8,NA,NA,NA
2006,"melva",4075.2,8835.16,NA,NA,NA
2006,"merlán",102295.5,282162.69,NA,NA,NA
2006,"mero",130149.12,1560220.76,NA,NA,NA
2006,"mexilla",53228.14,46987.12,NA,NA,NA
2006,"muxos",45155.75,24591,NA,NA,NA
2006,"nécora",126157.48,2063139.01,NA,NA,NA
2006,"ostra plana",51262.22,230259.97,NA,NA,NA
2006,"ovas de pescada",143673.55,700540.779999999,NA,NA,NA
2006,"palometón",485,1308.7,NA,NA,NA
2006,"peixe espada",685262.13,4284010.63,NA,NA,NA
2006,"peixes mariños nep",1159700.93,1534733.37,NA,NA,NA
2006,"percebe",439500.37,13571299.89,NA,NA,NA
2006,"pescada do senegal",93127,256372.79,NA,NA,NA
2006,"piardas",127106.74,106194.87,NA,NA,NA
2006,"quimeira do cabo",13623,6077,NA,NA,NA
2006,"raias",3291386.13,6392526.54,NA,NA,NA
2006,"rei",31893.5,117535.47,NA,NA,NA
2006,"reló",453354.69,726681.3,NA,NA,NA
2006,"rodaballo",53344.6,1049210.53,NA,NA,NA
2006,"rosada do cabo",872,4373.2,NA,NA,NA
2006,"tomás",21116.5,50517.04,NA,NA,NA
2006,"touca",3111.33,3111.33,NA,NA,NA
2006,"volandeira",299808.15,713335.01,NA,NA,NA
2005,"acedía",50488.28,322130.989999999,NA,NA,NA
2005,"anguilas",31702.3,253615.93,NA,NA,NA
2005,"argazo",14858,6099.54,NA,NA,NA
2005,"argazo bravo",1764,1587.6,NA,NA,NA
2005,"atúns",67545,408985.88,NA,NA,NA
2005,"bacoreta",173538.5,61340.34,NA,NA,NA
2005,"berberecho",3564708.7,14744140.36,NA,NA,NA
2005,"bicho",52.28,5926.38,NA,NA,NA
2005,"boga",285685.3,58382.14,NA,NA,NA
2005,"bolos",278135.8,105918.05,NA,NA,NA
2005,"breca",31600.9,116478.82,NA,NA,NA
2005,"cangrexo real",53.5,98.9,NA,NA,NA
2005,"cazón",235545.11,376058.16,NA,NA,NA
2005,"cigala",1300233.17,15043355.51,NA,NA,NA
2005,"corno",2993.3,4036.35,NA,NA,NA
2005,"cornudas",750,1327.5,NA,NA,NA
2005,"escachos",546974.48,881550.350000001,NA,NA,NA
2005,"escolar negro",60861,104438.75,NA,NA,NA
2005,"faneca",1154751.55,2142760.46,NA,NA,NA
2005,"fodón",28360.85,44880.98,NA,NA,NA
2005,"lapas",499.1,1392.01,NA,NA,NA
2005,"limanda",19381,43710.5,NA,NA,NA
2005,"maragota",238685.13,563622.84,NA,NA,NA
2005,"maruca",1175086.69,2083370.16,NA,NA,NA
2005,"melgas",55213,53132.29,NA,NA,NA
2005,"melva",496.15,1306.86,NA,NA,NA
2005,"merlán",123656.2,242347.61,NA,NA,NA
2005,"mero",45590.52,751927.33,NA,NA,NA
2005,"mexilla",167552.24,157142.91,NA,NA,NA
2005,"muxos",41037.35,22973.86,NA,NA,NA
2005,"nécora",129535.28,2133921.47,NA,NA,NA
2005,"ostra plana",39416.05,106465.64,NA,NA,NA
2005,"ovas de pescada",150628.41,546810.230000001,NA,NA,NA
2005,"palometón",325.5,1397.95,NA,NA,NA
2005,"peixe espada",812720.47,5506320.52,NA,NA,NA
2005,"peixes mariños nep",1177676.78,2308970.67999999,NA,NA,NA
2005,"percebe",508963.65,14546306.05,NA,NA,NA
2005,"pescada do senegal",208825,333581.85,NA,NA,NA
2005,"piardas",137463.15,145204.97,NA,NA,NA
2005,"raias",3355390.31,5774501.64999999,NA,NA,NA
2005,"rei",44982.75,189385.34,NA,NA,NA
2005,"reló",1452079.54,2564211.87,NA,NA,NA
2005,"rodaballo",53892.72,951794.06,NA,NA,NA
2005,"rosada do cabo",13305,39945.15,NA,NA,NA
2005,"tomás",7583.5,10763.66,NA,NA,NA
2005,"touca",632,632,NA,NA,NA
2005,"volandeira",97058.9,345585.2,NA,NA,NA
2004,"acedía",43060.07,308050.74,NA,NA,NA
2004,"anguilas",35372.5,278942.8,NA,NA,NA
2004,"argazo",32745.5,14337.55,NA,NA,NA
2004,"atúns",105587.25,524986.92,NA,NA,NA
2004,"bacoreta",41923.15,17391.24,NA,NA,NA
2004,"berberecho",4219627.85,15638065.55,NA,NA,NA
2004,"bicho",51.86,6058.1,NA,NA,NA
2004,"boga",294692.5,49850.97,NA,NA,NA
2004,"bolos",153742.99,108745.83,NA,NA,NA
2004,"breca",48543.12,171158.86,NA,NA,NA
2004,"cazón",280829.25,368343.25,NA,NA,NA
2004,"cigala",1128797.46,11244736.52,NA,NA,NA
2004,"corno",3662.2,4899.25,NA,NA,NA
2004,"cornudas",606,1157.06,NA,NA,NA
2004,"escachos",500777.95,919194.929999997,NA,NA,NA
2004,"escolar negro",23776,32047.81,NA,NA,NA
2004,"faneca",1013708.33,1888881.44,NA,NA,NA
2004,"fodón",23190.14,39977.92,NA,NA,NA
2004,"lapas",430.59,715.26,NA,NA,NA
2004,"limanda",25657,25807.09,NA,NA,NA
2004,"maragota",204640.49,511985.700000002,NA,NA,NA
2004,"maruca",1284224.69,2433778.12,NA,NA,NA
2004,"melgas",9691.9,9321.86,NA,NA,NA
2004,"melva",9739.2,21068.22,NA,NA,NA
2004,"merlán",51809.77,52540.18,NA,NA,NA
2004,"mero",30116.55,521536.040000001,NA,NA,NA
2004,"mexilla",187376.13,174253.24,NA,NA,NA
2004,"muxos",16027.3,12303.48,NA,NA,NA
2004,"nécora",103787.42,1873065.5,NA,NA,NA
2004,"ostra plana",26235.48,97239.31,NA,NA,NA
2004,"ovas de pescada",96461.05,450316.97,NA,NA,NA
2004,"palometón",93,242.73,NA,NA,NA
2004,"peixe espada",1051634.7,6079943.91,NA,NA,NA
2004,"peixes mariños nep",1150476.35,2777846.46999999,NA,NA,NA
2004,"percebe",444961.34,12733334.73,NA,NA,NA
2004,"pescada do senegal",490910,739188.56,NA,NA,NA
2004,"piardas",162685.29,164676.78,NA,NA,NA
2004,"raias",3885573.50999999,5772104.72999998,NA,NA,NA
2004,"rei",4782.25,19344.65,NA,NA,NA
2004,"reló",1592102.87,2636774.51999999,NA,NA,NA
2004,"rodaballo",69479.16,1148957.61,NA,NA,NA
2004,"salema",2,10,NA,NA,NA
2004,"tomás",8773.75,12101.82,NA,NA,NA
2004,"volandeira",107411.63,372155.56,NA,NA,NA
2003,"acedía",22292,179486.88,NA,NA,NA
2003,"anguilas",31340.7,244772.44,NA,NA,NA
2003,"atúns",117830.5,506907.89,NA,NA,NA
2003,"bacoreta",39852.75,19940.61,NA,NA,NA
2003,"berberecho",3420426.88,12717804.34,NA,NA,NA
2003,"bicho",28,864,NA,NA,NA
2003,"boga",159179.5,25842.1,NA,NA,NA
2003,"bolos",109913.25,83309.15,NA,NA,NA
2003,"breca",40560.4,101498.03,NA,NA,NA
2003,"cangrexo real",3.1,2.95,NA,NA,NA
2003,"cazón",218632.66,346219.35,NA,NA,NA
2003,"cigala",713406.6,8240374.98,NA,NA,NA
2003,"corno",6343.39,8120.02,NA,NA,NA
2003,"escachos",477471.87,817730.94,NA,NA,NA
2003,"faneca",888934.160000003,1423779.69,NA,NA,NA
2003,"fodón",12738.2,21600.66,NA,NA,NA
2003,"lapas",331.5,617,NA,NA,NA
2003,"limanda",17564,26244.38,NA,NA,NA
2003,"maragota",161268.65,411442.570000001,NA,NA,NA
2003,"maruca",1738999.8,4128980.28,NA,NA,NA
2003,"melgas",269.5,377.66,NA,NA,NA
2003,"melva",1069,1936.51,NA,NA,NA
2003,"merlán",47335,81195.83,NA,NA,NA
2003,"mero",48202.46,605628.45,NA,NA,NA
2003,"mexilla",124764.8,122436.3,NA,NA,NA
2003,"muxos",15916.1,12753.42,NA,NA,NA
2003,"nécora",105978.89,1708366.92,NA,NA,NA
2003,"ostra plana",18010.75,69079.1,NA,NA,NA
2003,"ovas de pescada",81242.71,397719.55,NA,NA,NA
2003,"palometón",6031,7840.41,NA,NA,NA
2003,"peixe espada",1450012.6,6853264.3,NA,NA,NA
2003,"peixes mariños nep",1023270.86,2966995.08,NA,NA,NA
2003,"percebe",301732.83,9045714.73999999,NA,NA,NA
2003,"pescada do senegal",733059,1248691.19,NA,NA,NA
2003,"piardas",76765.7,71861.57,NA,NA,NA
2003,"raias",3878023.65,4883610.41,NA,NA,NA
2003,"rei",12491.5,34298.81,NA,NA,NA
2003,"reló",1575905.75,2548368.23,NA,NA,NA
2003,"rodaballo",62999.7700000001,970520.529999997,NA,NA,NA
2003,"tomás",6415.55,9397.58,NA,NA,NA
2003,"volandeira",47504.8,208162.28,NA,NA,NA
